StationID,year,S,ENS,Sy,ENSy,biomass,salinity,temperature,grain.size,lat,long
AuWe_MZB_1,2008,16,9.830409357,16,9.830409357,0.0886,NA,17,60,53.72415694,8.30566417
AuWe_MZB_1,2009,29,6.589110624,29,6.589110624,0.0887,NA,17,90,53.72415694,8.30566417
AuWe_MZB_1,2010,15,4.030570958,15,4.030570958,1.229,NA,14,90,53.72415694,8.30566417
AuWe_MZB_1,2011,21,4.223955647,21,4.223955647,3.618,NA,15,90,53.72415694,8.30566417
AuWe_MZB_1,2012,23,8.664108487,23,8.664108487,2.7954,NA,18,90,53.72415694,8.30566417
AuWe_MZB_1,2013,13,1.547771441,13,1.547771441,4.2203,NA,18,70,53.72415694,8.30566417
AuWe_MZB_1,2014,22,7.600436681,22,7.600436681,0.486,NA,18,80,53.72415694,8.30566417
AuWe_MZB_1,2016,26,3.181581703,26,3.181581703,2.647661,NA,19,90,53.72415694,8.30566417
AuWe_MZB_1,2017,16,2.936487639,16,2.936487639,3.425,NA,20,90,53.72415694,8.30566417
AuWe_MZB_1,2018,15,2.614344724,15,2.614344724,7.1764,NA,18,90,53.72415694,8.30566417
AuWe_MZB_1,2019,24,2.504516256,24,2.504516256,4.6155,NA,NA,NA,NA,NA
AuWe_MZB_3,2007,12,1.046953082,12,1.046953082,111.659,NA,NA,90,53.65242361,8.31151444
AuWe_MZB_3,2008,9,4.957160343,9,4.957160343,0.7027,NA,17,80,53.65242361,8.31151444
AuWe_MZB_3,2009,14,2.071236055,14,2.071236055,9.291,NA,17,90,53.65242361,8.31151444
AuWe_MZB_3,2010,14,1.961941281,14,1.961941281,11.2978,NA,NA,80,53.65242361,8.31151444
AuWe_MZB_3,2011,12,2.78712612,12,2.78712612,2.20605,NA,15,80,53.65242361,8.31151444
AuWe_MZB_3,2012,8,4.768842254,8,4.768842254,2.985,NA,17,80,53.65242361,8.31151444
AuWe_MZB_3,2013,8,3.892893773,8,3.892893773,4.8743,NA,18,90,53.65242361,8.31151444
AuWe_MZB_3,2014,13,7.02247191,13,7.02247191,5.0867,NA,18,90,53.65242361,8.31151444
AuWe_MZB_3,2017,16,4.653658844,16,4.653658844,26.5384,NA,22,80,53.65242361,8.31151444
AuWe_MZB_3,2018,14,3.906028052,14,3.906028052,3.8161,NA,15.5,80,53.65242361,8.31151444
AuWe_MZB_3,2019,11,2.528503951,11,2.528503951,2.8224,NA,NA,NA,NA,NA
Bork_MZB_4,2008,51,3.685401383,51,4.535420726,20.7807,NA,15,55,53.49990722,6.95445028
Bork_MZB_4,2009,52,11.05014939,52,8.767817654,19.83531,NA,14.5,60,53.49990722,6.95445028
Bork_MZB_4,2010,49,5.975343146,49,7.624397105,36.18444,NA,12.5,60,53.49990722,6.95445028
Bork_MZB_4,2011,40,4.483107727,40,5.442434471,11.8424,NA,11.5,60,53.49990722,6.95445028
Bork_MZB_4,2012,37,6.526749974,37,5.408250318,22.414,NA,13,50,53.49990722,6.95445028
Bork_MZB_4,2013,28,6.750720243,28,7.507978973,4.9324,NA,12.25,55,53.49990722,6.95445028
Bork_MZB_4,2014,40,8.135212797,40,8.4001905,7.547,NA,15.5,60,53.49990722,6.95445028
Bork_MZB_4,2015,46,4.947353562,46,3.315038714,19.8331,NA,12,60,53.49990722,6.95445028
Bork_MZB_4,2016,27,8.277434116,27,9.123231252,36.752619,NA,14.75,60,53.49990722,6.95445028
Bork_MZB_4,2017,34,8.804473665,34,11.17018612,35.69202,NA,13.75,60,53.49990722,6.95445028
Bork_MZB_4,2018,56,5.842801025,56,7.94586643,15.92,NA,12.7,55,53.49990722,6.95445028
Bork_MZB_4,2019,43,8.624197984,43,8.624197984,5.3309,NA,NA,NA,NA,NA
Bork_MZB_8,2007,32,7.464995783,32,10.99459362,8.4419,NA,NA,90,53.49714056,6.72295056
Bork_MZB_8,2008,22,6.030769231,22,8.376645802,1.2658,NA,NA,75,53.49714056,6.72295056
Bork_MZB_8,2009,16,3.050653896,16,4.125176275,0.2835,NA,15,90,53.49714056,6.72295056
Bork_MZB_8,2010,18,5.643967768,18,7.234266787,0.362,NA,12.25,65,53.49714056,6.72295056
Bork_MZB_8,2011,12,5.95991671,12,5.95991671,0.3015,NA,10,80,53.49714056,6.72295056
Bork_MZB_8,2012,26,3.947317516,26,2.759032486,7.2933,NA,13,65,53.49714056,6.72295056
Bork_MZB_8,2013,30,6.205484437,30,7.026467701,0.7959,NA,12,75,53.49714056,6.72295056
Bork_MZB_8,2014,46,2.482507143,46,2.610909093,131.1458,NA,15.5,80,53.49714056,6.72295056
Bork_MZB_8,2015,32,6.864986188,32,6.709087279,5.7402,NA,12.5,80,53.49714056,6.72295056
Bork_MZB_8,2016,30,2.519479096,30,2.736424602,6.03193,NA,15,80,53.49714056,6.72295056
Bork_MZB_8,2017,31,4.017487714,31,4.995649578,6.43427,NA,13,90,53.49714056,6.72295056
Bork_MZB_8,2018,29,10.64422423,29,12.13505281,299.953648,NA,12,90,53.49714056,6.72295056
Bork_MZB_8,2019,18,8.354627355,18,8.041884817,0.6243,NA,NA,NA,NA,NA
EmDo_MZB_2,2007,20,2.396136613,20,2.396136613,0.4603,NA,NA,50,53.32797417,7.04418306
EmDo_MZB_2,2008,19,4.386695679,19,3.779961377,0.2784,NA,16,55,53.32797417,7.04418306
EmDo_MZB_2,2009,24,1.025809688,24,1.020664027,1.00155,NA,16,65,53.32797417,7.04418306
EmDo_MZB_2,2010,21,4.531887583,21,4.531887583,0.2843,NA,11,50,53.32797417,7.04418306
EmDo_MZB_2,2011,16,6.84045584,16,6.84045584,0.282,NA,10,60,53.32797417,7.04418306
EmDo_MZB_2,2012,21,5.182302699,21,6.513130937,0.4176,NA,13.5,60,53.32797417,7.04418306
EmDo_MZB_2,2013,19,3.585513078,19,2.66487718,0.7701,NA,12.5,50,53.32797417,7.04418306
EmDo_MZB_2,2014,22,1.294382254,22,1.379889462,4.1925,NA,16,60,53.32797417,7.04418306
EmDo_MZB_2,2015,28,6.107884799,28,5.524001531,2.077121,NA,13,55,53.32797417,7.04418306
EmDo_MZB_2,2016,24,4.013640738,24,4.091399743,0.98555,NA,15.25,60,53.32797417,7.04418306
EmDo_MZB_2,2017,29,6.109094665,29,7.590730125,1.11542,NA,13.5,65,53.32797417,7.04418306
EmDo_MZB_2,2018,21,3.352199078,21,4.032968522,0.8493,NA,14,55,53.32797417,7.04418306
EmDo_MZB_2,2019,19,3.768152496,19,3.768152496,1.2343,NA,NA,NA,NA,NA
EmDo_MZB_5,2006,8,1.009107954,8,1.009107954,1.47473,NA,NA,NA,NA,NA
EmDo_MZB_5,2009,16,4.468033552,16,4.468033552,1.1322,NA,18,60,53.38665722,6.94433361
EmDo_MZB_5,2010,14,1.515227447,14,1.515227447,3.092,NA,12.5,70,53.38665722,6.94433361
EmDo_MZB_5,2011,23,4.846570121,23,3.697947642,10.98927,NA,10,70,53.38665722,6.94433361
EmDo_MZB_5,2012,26,5.107443806,26,5.512350677,24.3671,NA,10,75,53.38665722,6.94433361
EmDo_MZB_5,2013,22,4.72450029,22,4.973272909,11.9443,NA,13.15,80,53.38665722,6.94433361
EmDo_MZB_5,2014,22,3.177054389,22,3.523180627,12.0676,NA,16.5,75,53.38665722,6.94433361
EmDo_MZB_5,2015,18,2.507762887,18,1.935258425,3.2175,NA,14.8,70,53.38665722,6.94433361
EmDo_MZB_5,2016,21,3.247336977,21,3.540857647,5.3203,NA,10,75,53.38665722,6.94433361
EmDo_MZB_5,2017,20,5.13744356,20,6.23877427,1.8984,NA,16.6,80,53.38665722,6.94433361
EmDo_MZB_5,2018,11,2.885380199,11,2.885380199,3.4184,NA,14.95,70,53.38665722,6.94433361
EmDo_MZB_5,2019,20,1.476014056,20,1.520492794,0.7039,NA,NA,NA,NA,NA
JaBu_MZB_12,2011,22,2.795313577,22,2.795313577,1.2425,NA,15,70,53.69357361,8.12738111
JaBu_MZB_12,2012,25,2.35801702,25,2.35801702,3.5566,NA,16,90,53.69357361,8.12738111
JaBu_MZB_12,2013,18,1.020804571,18,1.020804571,60.5992,NA,16,90,53.69357361,8.12738111
JaBu_MZB_12,2014,22,1.184460825,22,1.184460825,136.1766,NA,18,80,53.69357361,8.12738111
JaBu_MZB_12,2016,34,5.615870636,34,5.615870636,31.87621,NA,22,80,53.69357361,8.12738111
JaBu_MZB_12,2017,30,9.294193548,30,9.294193548,13.4949,NA,20,70,53.69357361,8.12738111
JaBu_MZB_12,2018,20,8.875197472,20,8.875197472,4.2254,NA,18.5,70,53.69357361,8.12738111
JaBu_MZB_12,2019,29,13.42921857,29,13.42921857,2.4457,NA,NA,NA,NA,NA
JaBu_MZB_8,2007,8,1.478156225,8,1.478156225,27.54981,NA,NA,60,53.47022389,8.31136444
JaBu_MZB_8,2009,10,1.239902942,10,1.239902942,8.1948,NA,NA,70,53.47022389,8.31136444
JaBu_MZB_8,2010,6,1.692520792,6,1.692520792,22.4553,NA,13,60,53.47022389,8.31136444
JaBu_MZB_8,2011,13,2.468663281,13,2.468663281,10.82893,NA,3.7,60,53.47022389,8.31136444
JaBu_MZB_8,2012,15,2.440871935,15,2.440871935,22.50812,NA,11.8,60,53.47022389,8.31136444
JaBu_MZB_8,2013,11,1.593850073,11,1.593850073,31.3342,NA,16.1,60,53.47022389,8.31136444
JaBu_MZB_8,2014,9,1.542961469,9,1.542961469,19.3106,NA,21.9,60,53.47022389,8.31136444
JaBu_MZB_8,2015,13,2.390774662,13,2.390774662,114.3421,NA,15,70,53.47022389,8.31136444
JaBu_MZB_8,2016,13,2.325591024,13,2.325591024,22.9577,NA,NA,70,53.47022389,8.31136444
JaBu_MZB_8,2017,15,2.978595053,15,2.978595053,13.2262,NA,7.7,60,53.47022389,8.31136444
JaBu_MZB_8,2018,12,1.710120446,12,1.694212517,18.454,NA,15.4,80,53.47022389,8.31136444
JaBu_MZB_8,2019,14,1.224522506,14,1.218216084,1.2033,NA,NA,NA,NA,NA
JaBu_MZB_9,2007,22,7.144563716,22,8.619810971,11.949,NA,NA,70,53.49784056,8.14041444
JaBu_MZB_9,2009,20,11.27238014,20,11.27238014,11.2659,NA,17,70,53.49784056,8.14041444
JaBu_MZB_9,2010,21,5.279707495,21,5.279707495,16.1935,NA,16,60,53.49784056,8.14041444
JaBu_MZB_9,2011,30,5.334196797,30,5.334196797,59.085,NA,NA,60,53.49784056,8.14041444
JaBu_MZB_9,2012,24,2.487694011,24,2.487694011,7.098,NA,16,60,53.49784056,8.14041444
JaBu_MZB_9,2013,19,4.779275618,19,4.779275618,2.5337,NA,16,50,53.49784056,8.14041444
JaBu_MZB_9,2014,24,8.440573103,24,8.440573103,44.29,NA,18,60,53.49784056,8.14041444
JaBu_MZB_9,2016,45,6.114271771,45,6.114271771,9.7785,NA,19,60,53.49784056,8.14041444
JaBu_MZB_9,2017,44,6.403480628,44,6.403480628,7.6535,NA,20,60,53.49784056,8.14041444
JaBu_MZB_9,2018,37,3.652439182,37,3.652439182,80.035,NA,19,60,53.49784056,8.14041444
JaBu_MZB_9,2019,56,7.320285802,56,7.320285802,18.2419,NA,NA,NA,NA,NA
Jade_MZB_1,2007,14,5.555555556,14,5.555555556,0.2263,NA,NA,90,53.73512333,8.03814806
Jade_MZB_1,2008,11,4.265282584,11,4.265282584,0.2516,NA,17,90,53.73512333,8.03814806
Jade_MZB_1,2010,13,1.592368666,13,1.592368666,0.1485,NA,16,90,53.73512333,8.03814806
Jade_MZB_1,2011,18,1.198703301,18,1.198703301,1.0646,NA,15.5,90,53.73512333,8.03814806
Jade_MZB_1,2012,18,1.600500051,18,1.600500051,0.957,NA,16,80,53.73512333,8.03814806
Jade_MZB_1,2013,21,1.564093404,21,1.564093404,0.7666,NA,15.5,80,53.73512333,8.03814806
Jade_MZB_1,2014,18,4.457282171,18,4.457282171,0.7721,NA,18,80,53.73512333,8.03814806
Jade_MZB_1,2015,17,3.821073559,17,3.821073559,1.1238,NA,17,90,53.73512333,8.03814806
Jade_MZB_1,2016,16,1.452426479,16,1.452426479,2.4915,NA,23,90,53.73512333,8.03814806
Jade_MZB_1,2017,21,3.501278772,21,3.501278772,1.0726,NA,19.5,90,53.73512333,8.03814806
Jade_MZB_1,2018,21,5.152419331,21,5.152419331,0.8886,NA,18,80,53.73512333,8.03814806
Jade_MZB_1,2019,17,2.030858217,17,2.030858217,3.1238,NA,NA,NA,NA,NA
Leyb_MZB_1,1989,12,1.319126879,12,1.319126879,0,NA,NA,NA,NA,NA
Leyb_MZB_1,1990,15,1.679741738,15,1.799442656,0,NA,NA,NA,NA,NA
Leyb_MZB_1,1991,12,3.876700134,12,4.017094448,0,NA,NA,NA,NA,NA
Leyb_MZB_1,1992,11,1.067974451,11,1.085300616,0,NA,NA,NA,NA,NA
Leyb_MZB_1,1993,16,1.521477302,16,1.672894082,0,NA,NA,NA,NA,NA
Leyb_MZB_1,1994,15,2.482331519,15,2.64801228,0,NA,NA,NA,NA,NA
Leyb_MZB_1,1995,14,2.43233605,14,2.537187214,0,NA,NA,NA,NA,NA
Leyb_MZB_1,1996,13,2.707836766,13,2.816775795,0,NA,NA,NA,NA,NA
Leyb_MZB_1,1997,13,1.79979461,13,1.812188165,0,NA,NA,NA,NA,NA
Leyb_MZB_1,1998,14,2.080493275,14,2.125633589,0,NA,NA,NA,NA,NA
Leyb_MZB_1,1999,17,1.772976588,17,1.905525248,0,NA,NA,NA,NA,NA
Leyb_MZB_1,2000,16,1.346416506,16,1.391020854,0,NA,NA,NA,NA,NA
Leyb_MZB_1,2001,14,1.120872917,14,1.122664414,0,NA,NA,NA,NA,NA
Leyb_MZB_1,2002,16,1.460499925,16,1.476704808,0,NA,NA,NA,NA,NA
Leyb_MZB_1,2003,17,5.280491464,17,4.145266147,0,NA,NA,NA,NA,NA
Leyb_MZB_1,2004,13,1.503750236,13,1.858205322,61.9709,NA,NA,NA,NA,NA
Leyb_MZB_1,2005,15,1.126455005,15,1.1509936,15.5132,NA,NA,NA,NA,NA
Leyb_MZB_2,1990,11,2.414387816,11,2.429503254,0,NA,NA,NA,NA,NA
Leyb_MZB_2,1991,18,2.824506532,18,2.969430869,0,NA,NA,NA,NA,NA
Leyb_MZB_2,1992,12,3.053864078,12,3.133057345,0,NA,NA,NA,NA,NA
Leyb_MZB_2,1993,13,2.728365165,13,2.907202643,0,NA,NA,NA,NA,NA
Leyb_MZB_2,1994,13,2.808206011,13,2.829504411,0,NA,NA,NA,NA,NA
Leyb_MZB_2,1995,14,2.533175301,14,2.978734112,0,NA,NA,NA,NA,NA
Leyb_MZB_2,1996,14,2.098418489,14,2.767028951,0,NA,NA,NA,NA,NA
Leyb_MZB_2,1997,10,2.739390949,10,2.815610981,0,NA,NA,NA,NA,NA
Leyb_MZB_2,1998,10,3.023144361,10,3.097249819,0,NA,NA,NA,NA,NA
Leyb_MZB_2,1999,14,3.789982174,14,4.564806761,0,NA,NA,NA,NA,NA
Leyb_MZB_2,2000,14,2.150169228,14,2.363262857,0,NA,NA,NA,NA,NA
Leyb_MZB_2,2001,15,1.833443826,15,2.072795384,0,NA,NA,NA,NA,NA
Leyb_MZB_2,2002,13,1.933008193,13,2.185525818,0,NA,NA,NA,NA,NA
Leyb_MZB_2,2003,11,3.51502189,11,2.992139021,0,NA,NA,NA,NA,NA
Leyb_MZB_2,2004,10,2.482820095,10,3.051337905,0,NA,NA,NA,NA,NA
Leyb_MZB_2,2005,10,4.750764314,10,6.009107264,0,NA,NA,NA,NA,NA
Leyb_MZB_3,1989,5,2.439330253,5,2.439330253,0,NA,NA,NA,NA,NA
Leyb_MZB_3,1990,9,2.02762397,9,2.100261077,0,NA,NA,NA,NA,NA
Leyb_MZB_3,1991,11,1.540487916,11,1.58676403,0,NA,NA,NA,NA,NA
Leyb_MZB_3,1992,12,2.333109152,12,2.374086176,0,NA,NA,NA,NA,NA
Leyb_MZB_3,1993,11,2.466886766,11,2.468572809,0,NA,NA,NA,NA,NA
Leyb_MZB_3,1994,12,1.915416194,12,1.952628712,0,NA,NA,NA,NA,NA
Leyb_MZB_3,1995,10,2.07332363,10,2.24782231,0,NA,NA,NA,NA,NA
Leyb_MZB_3,1996,12,2.173327762,12,2.852903405,0,NA,NA,NA,NA,NA
Leyb_MZB_3,1997,10,2.323542345,10,2.345894662,0,NA,NA,NA,NA,NA
Leyb_MZB_3,1998,11,2.392021895,11,2.409486908,0,NA,NA,NA,NA,NA
Leyb_MZB_3,1999,9,2.296602547,9,2.307103977,0,NA,NA,NA,NA,NA
Leyb_MZB_3,2000,11,2.301250196,11,2.478605871,0,NA,NA,NA,NA,NA
Leyb_MZB_3,2001,13,2.905831927,13,3.616424987,0,NA,NA,NA,NA,NA
Leyb_MZB_3,2002,17,4.0843899,17,4.270292495,0,NA,NA,NA,NA,NA
Leyb_MZB_3,2003,15,3.642202477,15,3.712472419,0,NA,NA,NA,NA,NA
Leyb_MZB_3,2004,15,4.420025911,15,5.199377019,0,NA,NA,NA,NA,NA
Leyb_MZB_3,2005,18,5.906939096,18,6.128188234,0,NA,NA,NA,NA,NA
Leyb_MZB_3,2007,13,3.311282987,13,3.724554712,38.4123,NA,NA,NA,NA,NA
Leyb_MZB_3,2008,17,2.424708962,17,3.009832586,29.9495,NA,NA,NA,NA,NA
Leyb_MZB_3,2009,14,2.231487253,14,2.376680015,29.8974,NA,NA,50,53.53303667,7.08083306
Leyb_MZB_3,2010,12,2.344365604,12,2.577758337,18.2842,NA,14.05,50,53.53303667,7.08083306
Leyb_MZB_3,2011,19,2.820133496,19,2.971187897,19.44094,26.35,14.65,60,53.53303667,7.08083306
Leyb_MZB_3,2012,13,3.197094845,13,3.182793063,12.9307,27.61,18.1,50,53.53303667,7.08083306
Leyb_MZB_3,2013,12,3.419751178,12,3.370365305,25.7525,29.8,18.6,50,53.53303667,7.08083306
Leyb_MZB_3,2014,16,3.853886167,16,3.688415711,18.0394,24.45,13.35,55,53.53303667,7.08083306
Leyb_MZB_3,2015,15,3.198009843,15,3.067767757,25.0682,21.45,15.55,50,53.53303667,7.08083306
Leyb_MZB_3,2016,13,4.333532622,13,4.208336416,5.0281,31.5,20.7,50,53.53303667,7.08083306
Leyb_MZB_3,2017,17,2.257505784,17,1.622061528,30.6077,23.4,10.4,55,53.53303667,7.08083306
Leyb_MZB_3,2018,17,2.001450459,17,2.240975557,10.4485,31.25,15.3,50,53.53303667,7.08083306
Leyb_MZB_3,2019,15,2.777627892,15,2.410435726,0.9722,27.195,13.8,50,53.53303667,7.08083306
Leyb_MZB_3,2020,8,1.631036596,8,1.631036596,0.0524,NA,NA,NA,NA,NA
Leyb_MZB_4,1989,10,3.405950324,10,3.405950324,0,NA,NA,NA,NA,NA
Leyb_MZB_4,1990,13,2.404020128,13,2.473526653,0,NA,NA,NA,NA,NA
Leyb_MZB_4,1991,18,2.956993538,18,2.991676641,0,NA,NA,NA,NA,NA
Leyb_MZB_4,1992,11,2.659411278,11,2.945148612,0,NA,NA,NA,NA,NA
Leyb_MZB_4,1993,12,4.561498415,12,4.719207943,0,NA,NA,NA,NA,NA
Leyb_MZB_4,1994,11,3.446792159,11,3.793088395,0,NA,NA,NA,NA,NA
Leyb_MZB_4,1995,12,3.789640048,12,4.057345371,0,NA,NA,NA,NA,NA
Leyb_MZB_4,1996,7,2.025785787,7,2.315693925,0,NA,NA,NA,NA,NA
Leyb_MZB_4,1997,11,2.810136655,11,3.003157503,0,NA,NA,NA,NA,NA
Leyb_MZB_4,1998,12,3.567931982,12,3.846797965,0,NA,NA,NA,NA,NA
Leyb_MZB_4,1999,14,4.909910062,14,5.354613297,0,NA,NA,NA,NA,NA
Leyb_MZB_4,2000,13,3.390908281,13,3.788488541,0,NA,NA,NA,NA,NA
Leyb_MZB_4,2001,11,3.238759391,11,3.542080596,0,NA,NA,NA,NA,NA
Leyb_MZB_4,2002,12,2.83490213,12,2.880269914,0,NA,NA,NA,NA,NA
Leyb_MZB_4,2003,11,4.892163686,11,4.482594308,0,NA,NA,NA,NA,NA
Leyb_MZB_4,2004,10,2.210399313,10,2.73924707,0,NA,NA,NA,NA,NA
Leyb_MZB_4,2005,9,2.212020618,9,2.373194423,0,NA,NA,NA,NA,NA
Leyb_MZB_4,2007,8,4.182750106,8,3.714658615,9.3192,NA,NA,NA,NA,NA
Leyb_MZB_4,2008,7,2.929595646,7,3.771842945,1.4403,NA,NA,NA,NA,NA
Leyb_MZB_4,2009,8,2.197715663,8,2.589590749,5.4156,NA,NA,50,53.53109222,7.12111056
Leyb_MZB_4,2010,11,3.026864276,11,3.429886749,6.977,NA,13.9,50,53.53109222,7.12111056
Leyb_MZB_5,1989,7,2.0691841,7,2.0691841,0,NA,NA,NA,NA,NA
Leyb_MZB_5,1990,9,2.58443805,9,2.945848027,0,NA,NA,NA,NA,NA
Leyb_MZB_5,1991,8,2.38656005,8,2.607536689,0,NA,NA,NA,NA,NA
Leyb_MZB_5,1992,7,3.643753893,7,3.923492339,0,NA,NA,NA,NA,NA
Leyb_MZB_5,1993,6,4.138794243,6,4.138794243,0,NA,NA,NA,NA,NA
Leyb_MZB_5,1994,7,2.251070932,7,2.487331888,0,NA,NA,NA,NA,NA
Leyb_MZB_5,1995,7,3.407725666,7,3.692488591,0,NA,NA,NA,NA,NA
Leyb_MZB_5,1996,10,1.627631378,10,2.061091855,0,NA,NA,NA,NA,NA
Leyb_MZB_5,1997,9,4.110990079,9,4.919308081,0,NA,NA,NA,NA,NA
Leyb_MZB_5,1998,7,1.868797186,7,1.931673461,0,NA,NA,NA,NA,NA
Leyb_MZB_5,1999,8,3.371967047,8,3.970349606,0,NA,NA,NA,NA,NA
Leyb_MZB_5,2000,10,5.445898891,10,4.55822583,0,NA,NA,NA,NA,NA
Leyb_MZB_5,2001,9,4.385837927,9,4.767486084,0,NA,NA,NA,NA,NA
Leyb_MZB_5,2002,6,5.56490607,6,5.295189325,0,NA,NA,NA,NA,NA
Leyb_MZB_5,2003,3,1.213405801,3,1.213405801,0,NA,NA,NA,NA,NA
Leyb_MZB_5,2004,7,2.817222924,7,2.65590906,0,NA,NA,NA,NA,NA
Leyb_MZB_5,2005,4,1.293970364,4,1.293970364,0,NA,NA,NA,NA,NA
Leyb_MZB_6,1990,10,2.216986271,10,2.216986271,0,NA,NA,NA,NA,NA
Leyb_MZB_6,1991,16,4.678051751,16,4.809351495,0,NA,NA,NA,NA,NA
Leyb_MZB_6,1992,11,2.433558505,11,2.440436329,0,NA,NA,NA,NA,NA
Leyb_MZB_6,1993,14,2.433611315,14,2.466047355,0,NA,NA,NA,NA,NA
Leyb_MZB_6,1994,14,2.223984496,14,2.360266153,0,NA,NA,NA,NA,NA
Leyb_MZB_6,1995,13,1.843146301,13,2.064886304,0,NA,NA,NA,NA,NA
Leyb_MZB_6,1996,14,2.261511077,14,2.941769007,0,NA,NA,NA,NA,NA
Leyb_MZB_6,1997,14,3.226336088,14,2.595869824,0,NA,NA,NA,NA,NA
Leyb_MZB_6,1998,15,2.256519697,15,2.5464716,0,NA,NA,NA,NA,NA
Leyb_MZB_6,1999,16,1.896074227,16,1.914312203,0,NA,NA,NA,NA,NA
Leyb_MZB_6,2000,17,1.712195585,17,1.76347839,0,NA,NA,NA,NA,NA
Leyb_MZB_6,2001,17,1.880765616,17,2.042928932,0,NA,NA,NA,NA,NA
Leyb_MZB_6,2002,14,2.538226478,14,2.56331902,0,NA,NA,NA,NA,NA
Leyb_MZB_6,2003,12,2.485055509,12,2.668702365,0,NA,NA,NA,NA,NA
Leyb_MZB_6,2004,14,3.313267474,14,3.671023282,0,NA,NA,NA,NA,NA
Leyb_MZB_6,2005,14,2.673504635,14,2.845506814,0,NA,NA,NA,NA,NA
Leyb_MZB_7,1989,10,2.254078227,10,2.254078227,0,NA,NA,NA,NA,NA
Leyb_MZB_7,1990,15,2.597248976,15,2.947489031,0,NA,NA,NA,NA,NA
Leyb_MZB_7,1991,18,2.891747171,18,3.074247999,0,NA,NA,NA,NA,NA
Leyb_MZB_7,1992,14,2.088975471,14,2.140219852,0,NA,NA,NA,NA,NA
Leyb_MZB_7,1993,15,2.664456498,15,2.687564892,0,NA,NA,NA,NA,NA
Leyb_MZB_7,1994,10,1.499587289,10,1.527490348,0,NA,NA,NA,NA,NA
Leyb_MZB_7,1995,15,1.753170107,15,1.811233969,0,NA,NA,NA,NA,NA
Leyb_MZB_7,1996,17,2.146372056,17,2.444173626,0,NA,NA,NA,NA,NA
Leyb_MZB_7,1997,15,2.409958146,15,2.572463451,0,NA,NA,NA,NA,NA
Leyb_MZB_7,1998,15,2.31269713,15,2.340462704,0,NA,NA,NA,NA,NA
Leyb_MZB_7,1999,19,1.829535466,19,1.841780039,0,NA,NA,NA,NA,NA
Leyb_MZB_7,2000,18,2.146588814,18,2.189876305,0,NA,NA,NA,NA,NA
Leyb_MZB_7,2001,20,1.714946474,20,1.86597093,0,NA,NA,NA,NA,NA
Leyb_MZB_7,2002,18,2.164491595,18,2.181638555,0,NA,NA,NA,NA,NA
Leyb_MZB_7,2003,14,2.485902155,14,2.572484,0,NA,NA,NA,NA,NA
Leyb_MZB_7,2004,14,3.09858801,14,3.326608606,0,NA,NA,NA,NA,NA
Leyb_MZB_7,2005,14,3.337223783,14,3.532794336,0,NA,NA,NA,NA,NA
Nney_MZB_1,1976,23,7.426484201,23,7.666055825,122.552,NA,NA,NA,NA,NA
Nney_MZB_1,1977,22,4.245640484,22,4.765111594,69.7202,NA,NA,NA,NA,NA
Nney_MZB_1,1978,22,3.975811302,22,2.791435113,73.2762,NA,NA,NA,NA,NA
Nney_MZB_1,1979,19,6.769443201,19,8.217046565,100.1238,NA,NA,NA,NA,NA
Nney_MZB_1,1980,24,5.734070182,24,5.982014953,87.7717,NA,NA,NA,NA,NA
Nney_MZB_1,1981,20,3.941991998,20,4.217812861,96.3153,NA,NA,NA,NA,NA
Nney_MZB_1,1982,24,6.180461859,24,5.816644966,101.3717,NA,NA,NA,NA,NA
Nney_MZB_1,1983,21,1.688684271,21,1.536050547,145.3578,NA,NA,NA,NA,NA
Nney_MZB_1,1984,19,4.259786452,19,3.763019943,148.2458,NA,NA,NA,NA,NA
Nney_MZB_1,1985,28,1.803770591,28,2.082462538,105.0122,NA,NA,NA,NA,NA
Nney_MZB_1,1986,18,2.241074139,18,2.411544699,69.55,NA,NA,NA,NA,NA
Nney_MZB_1,1987,22,2.202157639,22,2.681618191,67.3085,NA,NA,NA,NA,NA
Nney_MZB_1,1988,22,1.753227638,22,1.84394624,72.8305,NA,NA,NA,NA,NA
Nney_MZB_1,1989,24,8.39302892,24,8.950378292,128.9224,NA,NA,NA,NA,NA
Nney_MZB_1,1990,24,6.561518419,24,7.47634919,118.0001,NA,NA,NA,NA,NA
Nney_MZB_1,1991,22,5.073314764,22,6.037170368,145.4212,NA,NA,NA,NA,NA
Nney_MZB_1,1992,18,5.720573053,18,6.075882028,137.5808,NA,NA,NA,NA,NA
Nney_MZB_1,1993,26,3.974164014,26,3.183793561,182.1198,NA,NA,NA,NA,NA
Nney_MZB_1,1994,24,2.123789607,24,2.177608538,135.3249,NA,NA,NA,NA,NA
Nney_MZB_1,1995,25,6.87267649,25,7.209534364,138.3148,NA,NA,NA,NA,NA
Nney_MZB_1,1996,20,3.191053369,20,2.749558797,80.6749,NA,NA,NA,NA,NA
Nney_MZB_1,1997,23,3.149034214,23,3.269813167,91.7043,NA,NA,NA,NA,NA
Nney_MZB_1,1998,25,7.234945451,25,7.446313548,144.0068,NA,NA,NA,53.70191667,7.23657528
Nney_MZB_1,1999,26,3.082494138,26,3.026050564,260.6954,NA,NA,85,53.70191667,7.23657528
Nney_MZB_1,2000,30,4.059730243,30,4.216784405,252.4404,26.055,NA,70,53.70191667,7.23657528
Nney_MZB_1,2001,23,1.406201687,23,1.387659659,243.7844,28.635,NA,70,53.70191667,7.23657528
Nney_MZB_1,2002,27,7.262150482,27,7.422062615,253.7734,27.9525,NA,75,53.70191667,7.23657528
Nney_MZB_1,2003,31,5.936254736,31,5.810049053,268.193,31.4375,NA,80,53.70191667,7.23657528
Nney_MZB_1,2004,29,6.733237449,29,6.427290547,231.0075,NA,NA,90,53.70191667,7.23657528
Nney_MZB_1,2005,25,4.042784477,25,3.661716826,234.4563,31.15666667,NA,85,53.70191667,7.23657528
Nney_MZB_1,2006,27,4.126310494,27,3.912028524,223.4828,NA,NA,80,53.70191667,7.23657528
Nney_MZB_1,2007,28,7.646699426,28,7.691809202,73.7481,31.18,18.6,80,53.70191667,7.23657528
Nney_MZB_1,2008,32,7.757882082,32,8.542280779,108.0976,28.155,12.55,80,53.70191667,7.23657528
Nney_MZB_1,2009,25,1.900885777,25,1.834881629,94.6738,31.18,7,90,53.70191667,7.23657528
Nney_MZB_1,2010,20,6.740172937,20,6.437926531,69.8454,30.1,8.6,90,53.70191667,7.23657528
Nney_MZB_1,2011,21,1.435284297,21,1.39178388,128.3878,27.55,14.05,80,53.70191667,7.23657528
Nney_MZB_1,2012,23,6.018529806,23,5.752974908,75.9716,31.21,9.8,90,53.70191667,7.23657528
Nney_MZB_1,2013,20,4.129108702,20,3.88673126,78.237,29.4,10,85,53.70191667,7.23657528
Nney_MZB_1,2014,27,3.612769216,27,3.335475565,137.4795,29.65,15.45,80,53.70191667,7.23657528
Nney_MZB_1,2015,19,1.459595963,19,1.431740703,125.013,30.3,7.75,85,53.70191667,7.23657528
Nney_MZB_1,2016,26,5.31198908,26,4.806272528,115.0132,30.1,12.3,80,53.70191667,7.23657528
Nney_MZB_1,2017,26,7.947274724,26,7.884336185,101.3151,28.15,12.85,80,53.70191667,7.23657528
Nney_MZB_1,2018,26,2.451419329,26,2.365839816,550.7834,30.85,10.9,80,53.70191667,7.23657528
Nney_MZB_1,2019,28,6.243887259,28,5.872033396,13.3997,NA,NA,NA,NA,NA
Nney_MZB_1,2020,21,3.259978594,21,3.233605657,4.4494,NA,NA,NA,NA,NA
Nney_MZB_2,1976,18,3.68001776,18,4.230183819,110.1712,NA,NA,NA,NA,NA
Nney_MZB_2,1977,24,3.593261328,24,3.864867457,158.338,NA,NA,NA,NA,NA
Nney_MZB_2,1978,23,2.618924383,23,1.84568972,167.0482,NA,NA,NA,NA,NA
Nney_MZB_2,1979,25,4.922018272,25,4.950171543,93.9735,NA,NA,NA,NA,NA
Nney_MZB_2,1980,23,4.693224098,23,5.269155504,118.0452,NA,NA,NA,NA,NA
Nney_MZB_2,1981,25,4.127708931,25,3.669604017,154.214,NA,NA,NA,NA,NA
Nney_MZB_2,1982,25,7.611404274,25,7.514799115,86.6911,NA,NA,NA,NA,NA
Nney_MZB_2,1983,24,4.72536989,24,4.646872305,103.2684,NA,NA,NA,NA,NA
Nney_MZB_2,1984,22,2.908420539,22,3.053325949,180.215,NA,NA,NA,NA,NA
Nney_MZB_2,1985,24,1.740953884,24,1.678619282,69.5312,NA,NA,NA,NA,NA
Nney_MZB_2,1986,19,2.153732501,19,2.338584468,116.7102,NA,NA,NA,NA,NA
Nney_MZB_2,1987,23,2.362291531,23,2.732515705,138.0166,NA,NA,NA,NA,NA
Nney_MZB_2,1988,20,4.595639291,20,4.069403179,157.5611,NA,NA,NA,NA,NA
Nney_MZB_2,1989,23,5.191397543,23,6.096149198,117.4098,NA,NA,NA,NA,NA
Nney_MZB_2,1990,27,4.062520443,27,5.812044404,154.4221,NA,NA,NA,NA,NA
Nney_MZB_2,1991,27,3.268701771,27,2.930585537,164.5381,NA,NA,NA,NA,NA
Nney_MZB_2,1992,28,3.153657905,28,3.534851065,162.8482,NA,NA,NA,NA,NA
Nney_MZB_2,1993,28,4.207657173,28,4.871311804,139.461,NA,NA,NA,NA,NA
Nney_MZB_2,1994,29,4.031364838,29,4.250525441,164.1161,NA,NA,NA,NA,NA
Nney_MZB_2,1995,24,5.181224413,24,3.292386487,168.3847,NA,NA,NA,NA,NA
Nney_MZB_2,1996,26,3.178650385,26,2.6924518,110.9595,NA,NA,NA,NA,NA
Nney_MZB_2,1997,24,5.045020285,24,4.705391903,106.1868,NA,NA,NA,NA,NA
Nney_MZB_2,1998,26,5.72777859,26,5.92324151,150.1447,NA,NA,NA,53.70101111,7.23650111
Nney_MZB_2,1999,28,3.798864272,28,3.589848396,247.456,NA,NA,80,53.70101111,7.23650111
Nney_MZB_2,2000,29,4.208431048,29,4.320120108,286.3211,26.195,NA,70,53.70101111,7.23650111
Nney_MZB_2,2001,28,4.285634796,28,4.191019835,197.7819,29.74,NA,75,53.70101111,7.23650111
Nney_MZB_2,2002,31,4.367923864,31,4.409044627,173.9458,27.195,NA,80,53.70101111,7.23650111
Nney_MZB_2,2003,29,4.825240624,29,5.114051463,148.7228,30.375,NA,85,53.70101111,7.23650111
Nney_MZB_2,2004,31,5.811627759,31,5.50092427,159.9562,NA,NA,85,53.70101111,7.23650111
Nney_MZB_2,2005,29,6.362927066,29,6.154193745,233.1507,28.55,NA,90,53.70101111,7.23650111
Nney_MZB_2,2006,25,6.478842338,25,7.145049019,278.3898,NA,NA,90,53.70101111,7.23650111
Nney_MZB_2,2007,24,3.976669464,24,3.901641694,178.9274,30.46,11.6,85,53.70101111,7.23650111
Nney_MZB_2,2008,24,4.70176175,24,4.905609028,98.094,28.29,10.9,80,53.70101111,7.23650111
Nney_MZB_2,2009,25,3.039186617,25,2.914112035,110.1857,31.23,15.65,85,53.70101111,7.23650111
Nney_MZB_2,2010,22,2.843665929,22,2.646594624,130.9378,31.42,12.15,85,53.70101111,7.23650111
Nney_MZB_2,2011,22,2.164004626,22,2.01873215,100.8624,27,12.1,90,53.70101111,7.23650111
Nney_MZB_2,2012,23,5.289329922,23,4.743032033,148.6332,28.175,10.75,70,53.70101111,7.23650111
Nney_MZB_2,2013,22,5.950275187,22,5.342620339,168.1837,28.85,2.9,80,53.70101111,7.23650111
Nney_MZB_2,2014,20,7.758769043,20,7.621323508,194.891,30,17.7,80,53.70101111,7.23650111
Nney_MZB_2,2015,24,1.490284292,24,1.435138469,199.6029,30.285,10.35,80,53.70101111,7.23650111
Nney_MZB_2,2016,24,5.044027708,24,4.574716749,188.0275,30.45,9.75,80,53.70101111,7.23650111
Nney_MZB_2,2017,24,5.189624154,24,5.045810912,253.456,28.95,13.45,80,53.70101111,7.23650111
Nney_MZB_2,2018,26,4.551724039,26,7.117620205,1556.55613,32.04,13.1,80,53.70101111,7.23650111
Nney_MZB_2,2019,28,7.54256499,28,7.005978152,17.6182,NA,NA,NA,NA,NA
Nney_MZB_2,2020,18,5.335883726,18,5.183407436,8.7119,NA,NA,NA,NA,NA
Nney_MZB_3,1976,21,4.855327217,21,5.727280485,182.9583,NA,NA,NA,NA,NA
Nney_MZB_3,1977,25,5.031375022,25,5.755509949,297.4926,NA,NA,NA,NA,NA
Nney_MZB_3,1978,23,1.335967899,23,1.166475907,219.3337,NA,NA,NA,NA,NA
Nney_MZB_3,1979,27,4.856852977,27,3.765988171,179.3527,NA,NA,NA,NA,NA
Nney_MZB_3,1980,21,3.61578304,21,4.068453229,178.3792,NA,NA,NA,NA,NA
Nney_MZB_3,1981,24,4.392445957,24,5.295347655,183.732,NA,NA,NA,NA,NA
Nney_MZB_3,1982,22,6.570415468,22,7.818676537,115.8659,NA,NA,NA,NA,NA
Nney_MZB_3,1983,22,6.648448375,22,7.947394968,176.5984,NA,NA,NA,NA,NA
Nney_MZB_3,1984,21,2.530707193,21,2.83878103,292.3298,NA,NA,NA,NA,NA
Nney_MZB_3,1985,19,2.321896532,19,2.828280137,89.4181,NA,NA,NA,NA,NA
Nney_MZB_3,1986,21,5.729381192,21,2.814279954,94.5818,NA,NA,NA,NA,NA
Nney_MZB_3,1987,24,2.543898292,24,2.327351176,202.023,NA,NA,NA,NA,NA
Nney_MZB_3,1988,20,4.001749304,20,4.176832085,434.223,NA,NA,NA,NA,NA
Nney_MZB_3,1989,22,5.858902867,22,6.425218672,526.9273,NA,NA,NA,NA,NA
Nney_MZB_3,1990,26,8.11158519,26,9.663816478,612.2303,NA,NA,NA,NA,NA
Nney_MZB_3,1991,28,6.994723931,28,6.515560028,489.8238,NA,NA,NA,NA,NA
Nney_MZB_3,1992,21,6.920557246,21,7.713122941,117.6315,NA,NA,NA,NA,NA
Nney_MZB_3,1993,25,5.710491969,25,6.344743982,242.9216,NA,NA,NA,NA,NA
Nney_MZB_3,1994,31,4.403385417,31,2.836303732,156.9233,NA,NA,NA,NA,NA
Nney_MZB_3,1995,28,6.030010849,28,5.297169775,239.8623,NA,NA,NA,NA,NA
Nney_MZB_3,1996,26,3.587583387,26,1.908075521,208.8961,NA,NA,NA,NA,NA
Nney_MZB_3,1997,26,4.269101166,26,4.463607966,171.8528,NA,NA,NA,NA,NA
Nney_MZB_3,1998,24,4.863035564,24,5.207685123,208.7748,NA,NA,NA,53.69960917,7.23652639
Nney_MZB_3,1999,30,5.801791598,30,5.456834946,417.0841,NA,NA,70,53.69960917,7.23652639
Nney_MZB_3,2000,34,7.397287274,34,7.751771525,476.6766,29.13,NA,70,53.69960917,7.23652639
Nney_MZB_3,2001,28,3.115328674,28,2.976445008,432.0262,29.32,NA,70,53.69960917,7.23652639
Nney_MZB_3,2002,36,3.798966528,36,3.769491963,459.2363,29.465,NA,70,53.69960917,7.23652639
Nney_MZB_3,2003,27,4.865458804,27,4.739818012,339.7103,28.455,NA,75,53.69960917,7.23652639
Nney_MZB_3,2004,32,2.671307242,32,2.510473039,260.3483,NA,NA,75,53.69960917,7.23652639
Nney_MZB_3,2005,30,2.581700386,30,3.859084043,368.3207,35.16,NA,75,53.69960917,7.23652639
Nney_MZB_3,2006,28,2.918467404,28,3.796182736,560.781792,NA,NA,70,53.69960917,7.23652639
Nney_MZB_3,2007,23,3.809406899,23,3.86183174,491.3321,31.6,11.7,70,53.69960917,7.23652639
Nney_MZB_3,2008,26,3.436207998,26,3.842894419,390.1338,27.135,9.2,80,53.69960917,7.23652639
Nney_MZB_3,2009,26,3.277583138,26,3.687873319,278.0176,29.99,7.95,75,53.69960917,7.23652639
Nney_MZB_3,2010,23,6.123291485,23,6.281145835,194.7786,28.345,13.7,65,53.69960917,7.23652639
Nney_MZB_3,2011,22,6.165234151,22,6.429735184,135.3021,28.15,12.4,65,53.69960917,7.23652639
Nney_MZB_3,2012,26,3.10918472,26,3.317962717,127.0372,32.5,13.1,60,53.69960917,7.23652639
Nney_MZB_3,2013,24,2.557900371,24,2.525057531,69.1764,28.45,13.2,70,53.69960917,7.23652639
Nney_MZB_3,2014,23,2.007363484,23,1.96659915,130.3084,28.63333333,13.4,66.66666667,53.69960917,7.23652639
Nney_MZB_3,2015,21,3.863695174,21,4.371501185,281.0948,29.47,12.55,70,53.69960917,7.23652639
Nney_MZB_3,2016,23,3.588685751,23,3.523555125,427.6451,29.3,11.2,65,53.69960917,7.23652639
Nney_MZB_3,2017,18,4.245601395,18,4.154691349,449.3356,28.4,12.35,65,53.69960917,7.23652639
Nney_MZB_3,2018,24,4.947511438,24,5.951655427,2492.4292,31.615,9.6,70,53.69960917,7.23652639
Nney_MZB_3,2019,21,3.942782761,21,4.150577459,37.4155,NA,NA,NA,NA,NA
Nney_MZB_3,2020,16,3.474908491,16,3.282544021,11.2152,NA,NA,NA,NA,NA
Nney_MZB_4,1976,22,4.568109449,22,4.976493318,786.7312,NA,NA,NA,NA,NA
Nney_MZB_4,1977,22,4.346147494,22,4.882851912,388.3361,NA,NA,NA,NA,NA
Nney_MZB_4,1978,25,3.084752381,25,3.288862967,535.5181,NA,NA,NA,NA,NA
Nney_MZB_4,1979,20,4.030498347,20,4.124201165,151.0974,NA,NA,NA,NA,NA
Nney_MZB_4,1980,23,4.044940814,23,4.777561823,273.9391,NA,NA,NA,NA,NA
Nney_MZB_4,1981,24,4.933273497,24,5.842258025,312.0583,NA,NA,NA,NA,NA
Nney_MZB_4,1982,22,3.972175619,22,4.543277052,267.3586,NA,NA,NA,NA,NA
Nney_MZB_4,1983,17,4.075976775,17,4.640698516,949.2796,NA,NA,NA,NA,NA
Nney_MZB_4,1984,19,3.485538728,19,3.789324378,1030.1298,NA,NA,NA,NA,NA
Nney_MZB_4,1985,21,2.330585557,21,2.669688953,294.069,NA,NA,NA,NA,NA
Nney_MZB_4,1986,19,1.770315648,19,2.226346571,118.8871,NA,NA,NA,NA,NA
Nney_MZB_4,1987,21,2.042854176,21,2.710846198,187.1891,NA,NA,NA,NA,NA
Nney_MZB_4,1988,21,2.938319158,21,3.467269497,516.1118,NA,NA,NA,NA,NA
Nney_MZB_4,1989,26,2.046629738,26,2.145588207,399.2072,NA,NA,NA,NA,NA
Nney_MZB_4,1990,24,3.17065195,24,3.261271013,327.7297,NA,NA,NA,NA,NA
Nney_MZB_4,1991,22,5.390774502,22,2.249828848,322.5739,NA,NA,NA,NA,NA
Nney_MZB_4,1992,25,4.087234492,25,4.93269682,304.7185,NA,NA,NA,NA,NA
Nney_MZB_4,1993,30,4.94413688,30,5.377087754,266.5561,NA,NA,NA,NA,NA
Nney_MZB_4,1994,25,5.973166508,25,6.224498313,276.0317,NA,NA,NA,NA,NA
Nney_MZB_4,1995,27,3.889265066,27,4.084743124,178.0055,NA,NA,NA,NA,NA
Nney_MZB_4,1996,27,4.970904555,27,2.054129434,202.1238,NA,NA,NA,NA,NA
Nney_MZB_4,1997,23,3.659686364,23,3.729074266,258.995,NA,NA,NA,NA,NA
Nney_MZB_4,1998,23,2.477678718,23,2.619524013,351.2906,NA,NA,NA,53.69856694,7.23661194
Nney_MZB_4,1999,30,4.999160227,30,4.736995638,568.063,NA,NA,70,53.69856694,7.23661194
Nney_MZB_4,2000,34,4.052739381,34,4.205763907,625.5441,27.935,NA,60,53.69856694,7.23661194
Nney_MZB_4,2001,31,7.030388639,31,7.23067463,244.9327,30.725,NA,70,53.69856694,7.23661194
Nney_MZB_4,2002,30,5.627590155,30,5.556558915,440.5213,26.995,NA,70,53.69856694,7.23661194
Nney_MZB_4,2003,28,5.016908474,28,4.99320433,183.1329,28.9,NA,80,53.69856694,7.23661194
Nney_MZB_4,2004,32,4.932228103,32,5.034962235,156.6353,NA,NA,75,53.69856694,7.23661194
Nney_MZB_4,2005,32,5.541839066,32,5.583629424,118.16,31.44,NA,80,53.69856694,7.23661194
Nney_MZB_4,2006,26,5.411878123,26,5.751724354,82.22046,NA,NA,80,53.69856694,7.23661194
Nney_MZB_5,1998,13,2.44192429,13,2.44192429,31.9438,NA,NA,80,53.69025694,7.23629972
Nney_MZB_5,1999,21,6.573960525,21,7.392138428,54.1302,27.495,NA,85,53.69025694,7.23629972
Nney_MZB_5,2000,22,5.357536627,22,6.01988055,28.9978,28.66,NA,80,53.69025694,7.23629972
Nney_MZB_5,2001,23,10.20326143,23,10.50544741,73.1151,29.25,NA,80,53.69025694,7.23629972
Nney_MZB_5,2002,18,5.025176991,18,6.162381308,46.7887,NA,NA,80,53.69025694,7.23629972
Nney_MZB_5,2003,7,4.092397235,7,4.092397235,0.1864,NA,NA,90,53.69025694,7.23629972
Nney_MZB_5,2004,20,1.665097689,20,2.034542799,13.7473,29.865,NA,80,53.69025694,7.23629972
Nney_MZB_5,2005,17,5.13218342,17,7.394949024,2.285,NA,NA,90,53.69025694,7.23629972
Nney_MZB_5,2006,8,4.360510026,8,4.946346449,8.5833,30.05,NA,90,53.69025694,7.23629972
Nney_MZB_5,2007,15,4.592781065,15,5.585770135,2.8008,29.56,NA,90,53.69025694,7.23629972
Nney_MZB_5,2008,12,2.98650365,12,4.194272466,5.031,27.95,NA,90,53.69025694,7.23629972
Nney_MZB_5,2009,12,3.044643818,12,4.474547917,5.561,31,NA,85,53.69025694,7.23629972
Nney_MZB_5,2010,14,2.906347108,14,3.603880504,6.988,21.43,NA,85,53.69025694,7.23629972
Nney_MZB_5,2011,17,4.669703425,17,5.675716622,10.335,26.45,NA,90,53.69025694,7.23629972
Nney_MZB_5,2012,14,4.420102786,14,5.111843858,13.661,26.79,NA,90,53.69025694,7.23629972
Nney_MZB_5,2013,13,2.46055709,13,3.034248239,14.482,25.905,12.9,90,53.69025694,7.23629972
Nney_MZB_5,2014,12,7.407863894,12,8.256910635,11.186,28.72,17.8,75,53.69025694,7.23629972
Nney_MZB_5,2015,15,1.27160105,15,1.304798818,14.509,24.715,11.5,90,53.69025694,7.23629972
Nney_MZB_5,2016,12,1.836012102,12,1.994546028,12.986,23.055,NA,85,53.69025694,7.23629972
Nney_MZB_5,2017,18,1.433426807,18,1.570139232,17.592,27.3,NA,90,53.69025694,7.23629972
Nney_MZB_5,2018,11,1.616351437,11,1.707062892,15.516,26.3,NA,90,53.69025694,7.23629972
Nney_MZB_5,2019,10,1.991055958,10,2.294231164,13.746,22.33,NA,85,53.69025694,7.23629972
Nney_MZB_5,2020,8,1.481506661,8,1.544276733,11.455,27.335,NA,90,53.69025694,7.23629972
Nney_MZB_6,1998,9,2.754877066,9,2.754877066,656.3858,NA,NA,NA,NA,NA
Nney_MZB_6,1999,25,2.135739328,25,2.282053084,1083.7728,27.475,NA,70,53.67895694,7.23656639
Nney_MZB_6,2000,26,1.458862037,26,1.569995588,812.6788,28.5,NA,70,53.67895694,7.23656639
Nney_MZB_6,2001,29,1.354069546,29,1.360989783,722.6281,27.35,NA,80,53.67895694,7.23656639
Nney_MZB_6,2002,25,1.271515316,25,1.288054481,589.8816,30.76,NA,80,53.67895694,7.23656639
Nney_MZB_6,2003,22,1.651752487,22,1.651752487,152.3285,NA,NA,70,53.67895694,7.23656639
Nney_MZB_6,2004,31,1.87353712,31,1.893188993,406.1541,29.23,NA,70,53.67895694,7.23656639
Nney_MZB_6,2005,38,5.285408165,38,5.128864607,771.5345,NA,NA,65,53.67895694,7.23656639
Nney_MZB_6,2006,25,1.100593998,25,1.104104052,1402.1378,31.05,NA,50,53.67895694,7.23656639
Nney_MZB_6,2007,26,1.452950533,26,1.457277762,2070.7364,30.905,NA,50,53.67895694,7.23656639
Nney_MZB_6,2008,22,1.148677308,22,1.15480784,1272.3482,27.6,NA,55,53.67895694,7.23656639
Nney_MZB_6,2009,28,1.226440587,28,1.374534892,1281.621,30.75,NA,50,53.67895694,7.23656639
Nney_MZB_6,2010,24,3.257086539,24,3.284007117,1636.737,24.665,NA,50,53.67895694,7.23656639
Nney_MZB_6,2011,26,3.207076706,26,3.223259602,1316.75,26.3,NA,50,53.67895694,7.23656639
Nney_MZB_6,2012,23,2.090621113,23,2.092435153,1361.285,26.675,NA,50,53.67895694,7.23656639
Nney_MZB_6,2013,24,1.446438477,24,1.447567848,1456.659,28.07,12.9,50,53.67895694,7.23656639
Nney_MZB_6,2014,29,2.498836186,29,2.501767651,1459.6,27.67,17.8,55,53.67895694,7.23656639
Nney_MZB_6,2015,26,1.956743229,26,1.959236652,1440.792,25.17,11.5,50,53.67895694,7.23656639
Nney_MZB_6,2016,28,1.413591556,28,1.416512897,1378.996,24.305,NA,50,53.67895694,7.23656639
Nney_MZB_6,2017,33,1.269230106,33,1.273015339,1256.212,25.8,NA,55,53.67895694,7.23656639
Nney_MZB_6,2018,35,1.60984326,35,1.640757325,1354.272,25.75,NA,50,53.67895694,7.23656639
Nney_MZB_6,2019,28,1.421376027,28,1.425557273,979.209,22.21,NA,50,53.67895694,7.23656639
Nney_MZB_6,2020,25,1.11686668,25,1.118672605,1828.702,26.65,NA,50,53.67895694,7.23656639
Nney_MZB_7,1998,7,1.30632224,7,1.30632224,21.4202,NA,NA,70,53.67879028,7.23658306
Nney_MZB_7,1999,25,3.359217794,25,4.735247916,101.4118,29.79,NA,70,53.67879028,7.23658306
Nney_MZB_7,2000,28,3.525727146,28,4.428262289,108.3295,26.39,NA,70,53.67879028,7.23658306
Nney_MZB_7,2001,28,4.610511171,28,5.192438425,164.1409,28.7,NA,90,53.67879028,7.23658306
Nney_MZB_7,2002,25,3.266647147,25,3.912056424,77.7875,30.61,NA,80,53.67879028,7.23658306
Nney_MZB_7,2003,17,2.517573484,17,2.517573484,2.6022,NA,NA,70,53.67879028,7.23658306
Nney_MZB_7,2004,24,3.866360089,24,4.18640611,77.752,29.54,NA,70,53.67879028,7.23658306
Nney_MZB_7,2005,41,6.038361761,41,6.632217,138.8775,NA,NA,80,53.67879028,7.23658306
Nney_MZB_7,2006,21,5.47076492,21,6.589525156,42.9438,30.5,NA,50,53.67879028,7.23658306
Nney_MZB_7,2007,19,6.490062946,19,7.955910026,27.7436,29.54,NA,50,53.67879028,7.23658306
Nney_MZB_7,2008,12,8.052502386,12,7.382023664,4.7659,27.6,NA,55,53.67879028,7.23658306
Nney_MZB_7,2009,12,5.928032899,12,5.665762449,12.902,30.5,NA,50,53.67879028,7.23658306
Nney_MZB_7,2010,13,3.37272096,13,4.476458809,12.303,25.64,NA,50,53.67879028,7.23658306
Nney_MZB_7,2011,13,4.680591912,13,6.301835914,14.644,26.8,NA,60,53.67879028,7.23658306
Nney_MZB_7,2012,16,2.298857773,16,2.54875555,25.224,26.845,NA,50,53.67879028,7.23658306
Nney_MZB_7,2013,13,2.700392509,13,2.969444585,16.06,28.265,12.9,55,53.67879028,7.23658306
Nney_MZB_7,2014,20,1.704798627,20,2.055624503,46.339,28.01,17.8,55,53.67879028,7.23658306
Nney_MZB_7,2015,16,2.230604505,16,2.816985345,9.75,24.8,11.5,50,53.67879028,7.23658306
Nney_MZB_7,2016,20,4.706644325,20,5.626522565,16.865,24.125,NA,55,53.67879028,7.23658306
Nney_MZB_7,2017,17,4.240381042,17,4.734512626,18.828,25.55,NA,60,53.67879028,7.23658306
Nney_MZB_7,2018,14,2.731150351,14,2.783194348,26.046,26.25,NA,55,53.67879028,7.23658306
Nney_MZB_7,2019,13,1.385466321,13,1.404289807,29.664,20.275,NA,55,53.67879028,7.23658306
Nney_MZB_7,2020,11,1.317900625,11,1.415827158,23.021,26.705,NA,55,53.67879028,7.23658306
Nney_MZB_8,1998,13,1.235045618,13,1.235045618,83.9051,NA,NA,70,53.67017361,7.23651639
Nney_MZB_8,1999,21,1.423452639,21,1.44536536,177.2791,31.785,NA,75,53.67017361,7.23651639
Nney_MZB_8,2000,21,1.356527545,21,1.470801058,99.4958,27,NA,75,53.67017361,7.23651639
Nney_MZB_8,2001,25,4.954820081,25,5.37440886,100.5641,27,NA,70,53.67017361,7.23651639
Nney_MZB_8,2002,19,2.022656926,19,2.044394943,199.9178,29.86,NA,70,53.67017361,7.23651639
Nney_MZB_8,2003,16,1.087911079,16,1.087911079,20.1956,NA,NA,70,53.67017361,7.23651639
Nney_MZB_8,2004,24,1.099053135,24,1.106670653,169.0894,30.435,NA,70,53.67017361,7.23651639
Nney_MZB_8,2005,20,1.372162285,20,1.28279939,107.4042,NA,NA,65,53.67017361,7.23651639
Nney_MZB_8,2006,18,4.007875949,18,4.20353148,130.9537,30.4,NA,70,53.67017361,7.23651639
Nney_MZB_8,2007,24,2.053564401,24,2.148976519,29.1572,31.69,NA,75,53.67017361,7.23651639
Nney_MZB_8,2008,20,4.919407499,20,5.507215836,62.6127,26.9,NA,70,53.67017361,7.23651639
Nney_MZB_8,2009,22,2.203524519,22,1.636509024,63.18,30.45,NA,70,53.67017361,7.23651639
Nney_MZB_8,2010,19,1.2262178,19,1.247176599,31.074,24.745,NA,70,53.67017361,7.23651639
Nney_MZB_8,2011,21,1.650979559,21,1.669347155,29.132,25.45,NA,75,53.67017361,7.23651639
Nney_MZB_8,2012,20,1.757046523,20,1.80544169,21.43,26.19,NA,75,53.67017361,7.23651639
Nney_MZB_8,2013,21,2.144419714,21,2.1943781,29.11,26.22,12.9,70,53.67017361,7.23651639
Nney_MZB_8,2014,26,4.514577591,26,4.7433959,36.299,29.12,17.8,65,53.67017361,7.23651639
Nney_MZB_8,2015,22,3.916803287,22,3.978955289,80.688,24.8,11.5,70,53.67017361,7.23651639
Nney_MZB_8,2016,21,5.134452504,21,5.293893266,103.169,25.28,NA,70,53.67017361,7.23651639
Nney_MZB_8,2017,20,6.319407268,20,6.522470901,86.823,25.65,NA,65,53.67017361,7.23651639
Nney_MZB_8,2018,18,5.701324836,18,6.162338742,95.475,26.75,NA,70,53.67017361,7.23651639
Nney_MZB_8,2019,16,2.831630401,16,2.910433996,66.255,21.075,NA,70,53.67017361,7.23651639
Nney_MZB_8,2020,20,4.421294729,20,4.592065926,61.4613,25.74,NA,70,53.67017361,7.23651639
Nney_MZB_9,2007,16,1.585317483,16,1.585317483,3.5796,NA,NA,NA,NA,NA
Nney_MZB_9,2008,28,2.451110765,28,2.451110765,5.3975,NA,16.5,90,53.73779028,7.28029944
Nney_MZB_9,2009,40,8.117975626,40,8.117975626,8.89906,NA,18,90,53.73779028,7.28029944
Nney_MZB_9,2010,22,4.956212327,22,4.956212327,4.62,NA,15,90,53.73779028,7.28029944
Nney_MZB_9,2012,31,6.73689878,31,6.73689878,8.8222,NA,10,90,53.73779028,7.28029944
Nney_MZB_9,2014,26,4.747874865,26,4.747874865,20.9814,NA,18,90,53.73779028,7.28029944
Nney_MZB_9,2015,32,2.975966162,32,2.975966162,25.94471,NA,16.5,90,53.73779028,7.28029944
Nney_MZB_9,2016,45,2.301613753,45,2.301613753,14.6974,NA,20.5,90,53.73779028,7.28029944
Nney_MZB_9,2017,40,3.778739698,40,3.778739698,59.3559,NA,18,90,53.73779028,7.28029944
Nney_MZB_9,2018,29,1.339879911,29,1.706035351,109.3162,NA,18.5,70,53.73779028,7.28029944
Nney_MZB_9,2019,33,9.045015087,33,9.045015087,14.6444,NA,NA,NA,NA,NA
Spog_MZB_2,2007,25,2.816882362,25,1.866884855,161.4714,NA,NA,80,53.74544028,7.73336528
Spog_MZB_2,2009,17,8.378403874,17,8.378403874,4.5127,NA,16,90,53.74544028,7.73336528
Spog_MZB_2,2010,18,6.838905206,18,6.838905206,11.3401,NA,16,70,53.74544028,7.73336528
Spog_MZB_2,2011,22,4.540276182,22,4.540276182,17.91299,NA,15,80,53.74544028,7.73336528
Spog_MZB_2,2012,15,3.259246055,15,3.259246055,20.0881,NA,15,70,53.74544028,7.73336528
Spog_MZB_2,2013,19,6.856884514,19,6.856884514,12.6767,NA,16,80,53.74544028,7.73336528
Spog_MZB_2,2014,20,5.141872659,20,5.141872659,18.3193,NA,18,70,53.74544028,7.73336528
Spog_MZB_2,2015,13,2.70197796,13,2.300787947,6.85,NA,NA,80,53.74544028,7.73336528
Spog_MZB_2,2016,22,5.297245989,22,5.297245989,129.85946,NA,21,80,53.74544028,7.73336528
Spog_MZB_2,2017,19,2.802852182,19,2.802852182,27.4386,NA,18.1,80,53.74544028,7.73336528
Spog_MZB_2,2018,13,2.761484606,13,2.761484606,7.0123,NA,20.4,70,53.74544028,7.73336528
Spog_MZB_2,2019,11,4.760488177,11,4.453608247,3.0357,NA,NA,NA,NA,NA
Spog_MZB_5,2007,8,3.196930946,8,3.196930946,1.0828,NA,NA,90,53.74899028,7.65584861
Spog_MZB_5,2008,6,1.227416606,6,1.227416606,0.1793,NA,16,90,53.74899028,7.65584861
Spog_MZB_5,2009,8,1.981148243,8,1.981148243,0.2181,NA,17,90,53.74899028,7.65584861
Spog_MZB_5,2010,16,4.136593218,16,4.136593218,0.4421,NA,16,80,53.74899028,7.65584861
Spog_MZB_5,2011,21,3.447396573,21,3.447396573,0.9952,NA,15,60,53.74899028,7.65584861
Spog_MZB_5,2012,19,6.46264812,19,6.46264812,0.7679,NA,15,60,53.74899028,7.65584861
Spog_MZB_5,2013,26,2.295405032,26,2.295405032,28.6192,NA,15,NA,53.74899028,7.65584861
Spog_MZB_5,2014,26,1.67976368,26,1.67976368,48.7356,NA,18,80,53.74899028,7.65584861
Spog_MZB_5,2015,30,2.126022712,30,2.126022712,20.26998,NA,16,70,53.74899028,7.65584861
Spog_MZB_5,2016,43,1.675604624,43,1.675604624,51.247248,NA,20.1,70,53.74899028,7.65584861
Spog_MZB_5,2017,15,6.53722334,15,6.53722334,0.241,NA,20,80,53.74899028,7.65584861
Spog_MZB_5,2018,34,9.947500628,34,9.690118527,8.4477,NA,19,80,53.74899028,7.65584861
Spog_MZB_5,2019,15,5.87529976,15,5.87529976,5.2115,NA,NA,NA,NA,NA
WeMu_MZB_1,1975,7,3.298078431,7,3.462394621,0,NA,NA,NA,NA,NA
WeMu_MZB_1,1976,15,3.054170558,15,4.760296966,0,NA,NA,NA,NA,NA
WeMu_MZB_1,1979,11,2.501849534,11,3.13861597,0,NA,NA,NA,NA,NA
WeMu_MZB_1,1980,6,2.389161554,6,2.479711033,0,NA,NA,NA,NA,NA
WeMu_MZB_1,1982,6,2.572503082,6,2.770415112,0,NA,NA,NA,NA,NA
WeMu_MZB_1,1983,7,2.439322516,7,2.4698919,0,NA,NA,NA,NA,NA
WeMu_MZB_1,1984,3,2.376060085,3,2.376060085,0,NA,NA,NA,NA,NA
WeMu_MZB_1,1985,4,2.380182824,4,2.560131307,0,NA,NA,NA,NA,NA
WeMu_MZB_1,1986,3,2.424013319,3,2.424013319,0,NA,NA,NA,NA,NA
WeMu_MZB_1,1987,4,2.132948744,4,2.144779063,0,NA,NA,NA,NA,NA
WeMu_MZB_1,1988,7,2.462179735,7,2.654817531,0,NA,NA,NA,NA,NA
WeMu_MZB_1,1989,3,2.44948806,3,2.44948806,0,NA,NA,NA,NA,NA
WeMu_MZB_1,1990,5,2.21210744,5,2.268692792,0,NA,NA,NA,NA,NA
WeMu_MZB_1,1991,6,1.66983231,6,1.66983231,0,NA,NA,NA,NA,NA
WeMu_MZB_1,1992,6,2.792657041,6,3.189802815,6.088,NA,NA,NA,NA,NA
WeMu_MZB_1,1993,6,1.649934276,6,1.714508892,12.008,NA,NA,NA,NA,NA
WeMu_MZB_1,1994,4,1.241592764,4,1.347738875,1.982,NA,NA,NA,NA,NA
WeMu_MZB_1,1995,6,1.427482836,6,1.707891692,7.088,NA,NA,NA,NA,NA
WeMu_MZB_1,1996,9,4.192695752,9,3.87051526,11.0131,NA,NA,NA,NA,NA
WeMu_MZB_1,1997,6,3.233607047,6,3.482491573,13.9017,NA,NA,NA,NA,NA
WeMu_MZB_1,1998,11,2.885868438,11,3.154378934,11.4527,NA,NA,NA,NA,NA
WeMu_MZB_1,2002,7,2.101135087,7,2.101135087,2.6169,NA,NA,NA,NA,NA
WeMu_MZB_1,2003,14,3.188085678,14,3.997824043,7.1693,NA,NA,NA,NA,NA
WeMu_MZB_1,2004,13,3.137638981,13,3.285684593,4.0119,NA,NA,NA,NA,NA
WeMu_MZB_1,2005,15,2.740086313,15,2.916572857,7.555,NA,NA,NA,NA,NA
WeMu_MZB_1,2006,14,3.682826538,14,2.853945262,5.9502,NA,NA,NA,NA,NA
WeMu_MZB_1,2007,8,3.332883682,8,3.455448306,2.9458,NA,NA,NA,NA,NA
WeMu_MZB_1,2008,9,2.181311473,9,2.362563134,7.1658,NA,NA,NA,NA,NA
WeMu_MZB_1,2009,9,3.170568341,9,3.200147253,7.2789,NA,NA,NA,NA,NA
WeMu_MZB_1,2010,8,2.440699656,8,2.463998458,9.2712,NA,NA,NA,NA,NA
WeMu_MZB_2,1975,6,2.234262182,6,2.537035498,0,NA,NA,NA,NA,NA
WeMu_MZB_2,1976,14,5.1791461,14,6.249555036,0,NA,NA,NA,NA,NA
WeMu_MZB_2,1979,9,1.981251554,9,3.112227145,0,NA,NA,NA,NA,NA
WeMu_MZB_2,1980,6,1.315487385,6,1.412170713,0,NA,NA,NA,NA,NA
WeMu_MZB_2,1982,8,1.880191567,8,2.266608029,0,NA,NA,NA,NA,NA
WeMu_MZB_2,1983,8,1.877780863,8,2.214628729,0,NA,NA,NA,NA,NA
WeMu_MZB_2,1984,9,1.841924406,9,2.141287816,0,NA,NA,NA,NA,NA
WeMu_MZB_2,1985,7,1.718660088,7,2.066393412,0,NA,NA,NA,NA,NA
WeMu_MZB_2,1986,8,1.631639364,8,2.095680005,0,NA,NA,NA,NA,NA
WeMu_MZB_2,1987,5,1.094336167,5,1.158834355,0,NA,NA,NA,NA,NA
WeMu_MZB_2,1988,5,2.652639045,5,3.264672801,0,NA,NA,NA,NA,NA
WeMu_MZB_2,1989,7,2.125298258,7,2.599247005,0,NA,NA,NA,NA,NA
WeMu_MZB_2,1990,6,4.531558234,6,5.193942625,0,NA,NA,NA,NA,NA
WeMu_MZB_2,1991,6,2.126688315,6,2.126688315,0,NA,NA,NA,NA,NA
WeMu_MZB_2,1992,11,3.562009655,11,3.882382172,13.395,NA,NA,NA,NA,NA
WeMu_MZB_2,1993,8,2.936036849,8,3.321838867,18.921,NA,NA,NA,NA,NA
WeMu_MZB_2,1994,7,3.027642635,7,3.610834052,7.607,NA,NA,NA,NA,NA
WeMu_MZB_2,1995,9,4.179158676,9,4.842515315,6.8245,NA,NA,NA,NA,NA
WeMu_MZB_2,1996,11,4.143465337,11,5.051164915,5.325,NA,NA,NA,NA,NA
WeMu_MZB_2,1997,10,4.767527639,10,5.197612318,18.8519,NA,NA,NA,NA,NA
WeMu_MZB_2,2002,7,1.418128227,7,1.861574882,37.9053,NA,NA,NA,NA,NA
WeMu_MZB_2,2003,12,1.765934974,12,1.979036173,10.1342,NA,NA,NA,NA,NA
WeMu_MZB_2,2004,15,3.174094575,15,3.372795273,12.6227,NA,NA,NA,NA,NA
WeMu_MZB_2,2005,7,1.559769762,7,1.559769762,8.042,NA,NA,NA,NA,NA
WeMu_MZB_2,2006,12,4.132922001,12,4.688893782,7.5703,NA,NA,NA,NA,NA
WeMu_MZB_2,2007,15,3.735095799,15,4.101822572,7.7782,NA,NA,NA,NA,NA
WeMu_MZB_2,2008,12,1.906704424,12,1.947158158,13.3762,NA,NA,NA,NA,NA
WeMu_MZB_2,2009,11,2.337785017,11,2.429365344,15.5211,NA,NA,NA,NA,NA
WeMu_MZB_2,2010,12,2.542383865,12,2.748486431,14.3499,NA,NA,NA,NA,NA
WeMu_MZB_3,1975,10,4.369043951,10,3.480408852,0,NA,NA,NA,NA,NA
WeMu_MZB_3,1976,12,1.930579861,12,2.329882952,0,NA,NA,NA,NA,NA
WeMu_MZB_3,1979,12,3.672879688,12,2.538768393,0,NA,NA,NA,NA,NA
WeMu_MZB_3,1980,12,5.11721349,12,6.819966293,0,NA,NA,NA,NA,NA
WeMu_MZB_3,1982,10,3.378081752,10,3.938675138,0,NA,NA,NA,NA,NA
WeMu_MZB_3,1983,6,2.095164656,6,2.677977751,0,NA,NA,NA,NA,NA
WeMu_MZB_3,1984,6,3.093604645,6,2.746343809,0,NA,NA,NA,NA,NA
WeMu_MZB_3,1985,8,2.214788222,8,3.010140638,0,NA,NA,NA,NA,NA
WeMu_MZB_3,1986,8,2.917097962,8,3.368153468,0,NA,NA,NA,NA,NA
WeMu_MZB_3,1987,5,2.292681404,5,2.661988145,0,NA,NA,NA,NA,NA
WeMu_MZB_3,1988,4,3.43681738,4,3.499701508,0,NA,NA,NA,NA,NA
WeMu_MZB_3,1989,7,3.809867397,7,3.882343709,0,NA,NA,NA,NA,NA
WeMu_MZB_3,1990,7,3.169228311,7,3.191051744,0,NA,NA,NA,NA,NA
WeMu_MZB_3,1991,8,1.138681365,8,1.138681365,0,NA,NA,NA,NA,NA
WeMu_MZB_3,1992,10,2.476896503,10,2.594313198,5.0617,NA,NA,NA,NA,NA
WeMu_MZB_3,1993,9,2.270541055,9,2.280598386,12.764,NA,NA,NA,NA,NA
WeMu_MZB_3,1994,7,1.269995439,7,1.444319372,6.807,NA,NA,NA,NA,NA
WeMu_MZB_3,1995,7,3.197791556,7,3.559750097,6.947,NA,NA,NA,NA,NA
WeMu_MZB_3,1996,11,3.205879253,11,4.232283946,0.8595,NA,NA,NA,NA,NA
WeMu_MZB_3,1997,8,3.946731057,8,4.429928754,6.1048,NA,NA,NA,NA,NA
WeMu_MZB_3,1998,12,2.684768207,12,3.075456502,11.0263,NA,NA,NA,NA,NA
WeMu_MZB_3,2001,8,2.635003809,8,2.635003809,5.8769,NA,NA,NA,NA,NA
WeMu_MZB_3,2002,10,1.61194368,10,2.270472154,26.6515,NA,NA,NA,NA,NA
WeMu_MZB_3,2003,14,1.839119167,14,2.220230665,7.5202,NA,NA,NA,NA,NA
WeMu_MZB_3,2004,17,4.29081574,17,4.507030117,3.8098,NA,NA,NA,NA,NA
WeMu_MZB_3,2005,10,3.402453536,10,3.402453536,7.41,NA,NA,NA,NA,NA
WeMu_MZB_3,2006,14,5.076467783,14,5.12330511,11.1327,NA,NA,NA,NA,NA
WeMu_MZB_3,2007,13,3.505237163,13,4.007704091,9.0876,NA,NA,NA,NA,NA
WeMu_MZB_3,2008,15,1.734468589,15,1.768133314,16.4709,NA,NA,NA,NA,NA
WeMu_MZB_3,2009,12,2.370118529,12,2.410253322,18.3974,NA,NA,NA,NA,NA
WeMu_MZB_3,2010,15,1.351909567,15,1.385863942,21.0104,NA,NA,NA,NA,NA
WeMu_MZB_3,2011,12,5.425200831,12,5.425200831,4.25789,13.2,10.6,60,53.53844611,8.55371944
WeMu_MZB_3,2012,12,2.602651516,12,2.602651516,2.7079,10.5,15.5,50,53.53844611,8.55371944
WeMu_MZB_3,2013,13,1.762293656,13,1.762293656,4.7605,14.3,19.7,60,53.53844611,8.55371944
WeMu_MZB_3,2014,7,1.376940958,7,1.376940958,6.7289,12.4,21.3,60,53.53844611,8.55371944
WeMu_MZB_3,2015,10,2.120096668,10,2.120096668,5.3052,15.05,15.5,50,53.53844611,8.55371944
WeMu_MZB_3,2016,9,1.679944809,9,1.679944809,5.8973,12.7,23,50,53.53844611,8.55371944
WeMu_MZB_3,2017,16,3.509156677,16,3.509156677,3.2682,NA,NA,50,53.53844611,8.55371944
WeMu_MZB_3,2018,16,5.275571155,16,5.275571155,7.0789,19.6,18.9,50,53.53844611,8.55371944
WeMu_MZB_3,2019,11,1.587587949,11,1.587587949,0.1572,NA,NA,NA,NA,NA
WeMu_MZB_4,1975,8,3.393863886,8,5.507098712,0,NA,NA,NA,NA,NA
WeMu_MZB_4,1976,9,2.039341797,9,3.045413058,0,NA,NA,NA,NA,NA
WeMu_MZB_4,1979,13,5.12399541,13,5.347656858,0,NA,NA,NA,NA,NA
WeMu_MZB_4,1980,12,2.467670961,12,4.051493039,0,NA,NA,NA,NA,NA
WeMu_MZB_4,1982,6,4.000355649,6,4.478205521,0,NA,NA,NA,NA,NA
WeMu_MZB_4,1983,4,2.561750793,4,2.561750793,0,NA,NA,NA,NA,NA
WeMu_MZB_4,1984,7,3.881658084,7,3.881658084,0,NA,NA,NA,NA,NA
WeMu_MZB_4,1985,7,4.437017313,7,3.520066586,0,NA,NA,NA,NA,NA
WeMu_MZB_4,1986,6,3.182276037,6,2.864325779,0,NA,NA,NA,NA,NA
WeMu_MZB_4,1987,4,1.046289257,4,1.093035051,0,NA,NA,NA,NA,NA
WeMu_MZB_4,1988,5,1.646162616,5,1.646162616,0,NA,NA,NA,NA,NA
WeMu_MZB_4,1989,5,2.20890043,5,2.322645314,0,NA,NA,NA,NA,NA
WeMu_MZB_4,1990,4,1.296118836,4,1.311788834,0,NA,NA,NA,NA,NA
WeMu_MZB_4,1991,7,1.88407298,7,1.88407298,0,NA,NA,NA,NA,NA
WeMu_MZB_4,1992,5,4.27908272,5,4.27908272,0.614,NA,NA,NA,NA,NA
WeMu_MZB_4,1993,12,4.034558977,12,4.854010586,14.159,NA,NA,NA,NA,NA
WeMu_MZB_4,1994,2,1.090487585,2,1.179868327,5.895,NA,NA,NA,NA,NA
WeMu_MZB_4,1995,4,1.278505208,4,1.563875936,5.211,NA,NA,NA,NA,NA
WeMu_MZB_4,1996,8,4.81679904,8,4.264562048,1.4828,NA,NA,NA,NA,NA
WeMu_MZB_4,1997,7,2.540599067,7,3.051465822,7.2189,NA,NA,NA,NA,NA
WeMu_MZB_4,2003,16,3.191611595,16,3.684246507,15.6836,NA,NA,NA,NA,NA
WeMu_MZB_4,2004,14,2.022473739,14,2.64561452,8.8712,NA,NA,NA,NA,NA
WeMu_MZB_4,2005,8,3.929063533,8,3.929063533,4.694,NA,NA,NA,NA,NA
WeMu_MZB_5,1975,7,2.060491379,7,2.068141096,0,NA,NA,NA,NA,NA
WeMu_MZB_5,1976,10,2.862858835,10,2.97127294,0,NA,NA,NA,NA,NA
WeMu_MZB_5,1979,10,2.206664758,10,3.445169978,0,NA,NA,NA,NA,NA
WeMu_MZB_5,1980,8,3.202701878,8,3.651492521,0,NA,NA,NA,NA,NA
WeMu_MZB_5,1982,6,2.365938276,6,2.647382832,0,NA,NA,NA,NA,NA
WeMu_MZB_5,1983,4,2.524868046,4,2.665479776,0,NA,NA,NA,NA,NA
WeMu_MZB_5,1984,4,1.692811991,4,1.692811991,0,NA,NA,NA,NA,NA
WeMu_MZB_5,1985,3,1.494332297,3,1.494332297,0,NA,NA,NA,NA,NA
WeMu_MZB_5,1986,4,1.33673629,4,1.33673629,0,NA,NA,NA,NA,NA
WeMu_MZB_5,1987,4,1.390804993,4,1.486455995,0,NA,NA,NA,NA,NA
WeMu_MZB_5,1988,7,2.067563011,7,2.17518227,0,NA,NA,NA,NA,NA
WeMu_MZB_5,1989,3,2.004926706,3,2.022603176,0,NA,NA,NA,NA,NA
WeMu_MZB_5,1990,7,3.531304501,7,3.602004663,0,NA,NA,NA,NA,NA
WeMu_MZB_5,1991,6,3.479159687,6,3.479159687,0,NA,NA,NA,NA,NA
WeMu_MZB_5,1992,10,2.479721577,10,2.862074966,0,NA,NA,NA,NA,NA
WeMu_MZB_5,1993,8,4.698872431,8,5.004400422,0.991,NA,NA,NA,NA,NA
WeMu_MZB_5,1994,8,3.01771807,8,4.279739721,0.07,NA,NA,NA,NA,NA
WeMu_MZB_5,1995,6,2.397191651,6,2.624212161,0.053,NA,NA,NA,NA,NA
WeMu_MZB_5,1996,9,4.856258722,9,4.927946577,3.1053,NA,NA,NA,NA,NA
WeMu_MZB_5,1997,5,2.003578723,5,2.010030764,1.7716,NA,NA,NA,NA,NA
WeMu_MZB_5,2001,5,2.145221613,5,2.145221613,1.0527,NA,NA,NA,NA,NA
WeMu_MZB_5,2002,5,1.909905906,5,1.909905906,0,NA,NA,NA,NA,NA
WeMu_MZB_5,2003,9,3.481083411,9,3.949100374,6.2483,NA,NA,NA,NA,NA
WeMu_MZB_5,2004,8,2.977287953,8,3.099581817,1.4035,NA,NA,NA,NA,NA
WeMu_MZB_5,2005,5,2.783783852,5,2.783783852,1.998,NA,NA,NA,NA,NA
WeMu_MZB_5,2006,8,1.753054162,8,1.953513219,1.9792,NA,NA,NA,NA,NA
WeMu_MZB_5,2007,8,3.252545238,8,2.978447278,1.9487,NA,NA,NA,NA,NA
WeMu_MZB_5,2008,8,2.167798386,8,2.231787971,6.266,NA,NA,NA,NA,NA
WeMu_MZB_5,2009,7,2.263754546,7,2.299121707,6.0501,NA,NA,NA,NA,NA
WeMu_MZB_5,2010,8,3.308854495,8,3.643584429,8.5238,NA,NA,NA,NA,NA
WeMu_MZB_5,2011,5,2.117829278,5,2.014707736,2.81579,NA,11,50,53.50894972,8.55705806
WeMu_MZB_5,2012,5,2.10926961,5,2.10926961,12.3711,NA,16.5,50,53.50894972,8.55705806
WeMu_MZB_6,1975,6,2.523801616,6,2.543888794,0,NA,NA,NA,NA,NA
WeMu_MZB_6,1976,10,2.060971701,10,2.335469249,0,NA,NA,NA,NA,NA
WeMu_MZB_6,1979,11,2.435629924,11,3.56291552,0,NA,NA,NA,NA,NA
WeMu_MZB_6,1980,7,2.350217958,7,2.612957921,0,NA,NA,NA,NA,NA
WeMu_MZB_6,1982,6,2.106731653,6,2.117525647,0,NA,NA,NA,NA,NA
WeMu_MZB_6,1983,4,2.794036166,4,2.655258921,0,NA,NA,NA,NA,NA
WeMu_MZB_6,1984,4,1.65896275,4,1.697902373,0,NA,NA,NA,NA,NA
WeMu_MZB_6,1985,2,1.695581824,2,1.695581824,0,NA,NA,NA,NA,NA
WeMu_MZB_6,1986,4,1.470834286,4,1.508362619,0,NA,NA,NA,NA,NA
WeMu_MZB_6,1987,4,2.559231562,4,2.767192934,0,NA,NA,NA,NA,NA
WeMu_MZB_6,1988,7,1.707002028,7,2.005032083,0,NA,NA,NA,NA,NA
WeMu_MZB_6,1989,9,2.025580758,9,2.580609155,0,NA,NA,NA,NA,NA
WeMu_MZB_6,1990,10,2.264775615,10,2.702327098,0,NA,NA,NA,NA,NA
WeMu_MZB_6,1991,6,3.616957596,6,3.616957596,0,NA,NA,NA,NA,NA
WeMu_MZB_6,1992,9,2.627923864,9,3.089758252,0.114,NA,NA,NA,NA,NA
WeMu_MZB_6,1993,9,2.284009397,9,3.394858258,0.439,NA,NA,NA,NA,NA
WeMu_MZB_6,1994,7,2.469513611,7,2.836051664,0,NA,NA,NA,NA,NA
WeMu_MZB_6,1995,5,2.67544185,5,2.921127431,0.088,NA,NA,NA,NA,NA
WeMu_MZB_6,1996,9,2.612443458,9,2.998963419,5.1312,NA,NA,NA,NA,NA
WeMu_MZB_6,1997,7,2.917091218,7,2.983392954,7.9993,NA,NA,NA,NA,NA
WeMu_MZB_6,1998,8,1.971367897,8,1.97444096,1.0996,NA,NA,NA,NA,NA
WeMu_MZB_6,2001,5,2.014785292,5,2.014785292,1.8157,NA,NA,NA,NA,NA
WeMu_MZB_6,2002,7,3.079586699,7,3.105292683,16.9221,NA,NA,NA,NA,NA
WeMu_MZB_6,2003,9,2.351332767,9,2.728280259,1.2309,NA,NA,NA,NA,NA
WeMu_MZB_6,2004,8,3.146549275,8,3.317128218,2.3042,NA,NA,NA,NA,NA
WeMu_MZB_6,2005,5,2.312614475,5,2.312614475,1.098,NA,NA,NA,NA,NA
WeMu_MZB_6,2006,9,2.888014786,9,2.990476735,2.7338,NA,NA,NA,NA,NA
WeMu_MZB_6,2007,8,3.332883682,8,3.455448306,2.9458,NA,NA,NA,NA,NA
WeMu_MZB_6,2008,8,1.795490531,8,1.835075232,6.2396,NA,NA,NA,NA,NA
WeMu_MZB_6,2009,7,1.920267268,7,1.938068784,8.079,NA,NA,NA,NA,NA
WeMu_MZB_6,2010,8,1.787769065,8,1.803016395,9.1973,NA,NA,NA,NA,NA
WeMu_MZB_7,1975,7,2.808976368,7,3.463383436,0,NA,NA,NA,NA,NA
WeMu_MZB_7,1976,8,2.493197184,8,2.685202592,0,NA,NA,NA,NA,NA
WeMu_MZB_7,1979,10,1.684976461,10,2.709982975,0,NA,NA,NA,NA,NA
WeMu_MZB_7,1980,6,1.799293961,6,1.996513873,0,NA,NA,NA,NA,NA
WeMu_MZB_7,1982,7,3.048789969,7,3.79198453,0,NA,NA,NA,NA,NA
WeMu_MZB_7,1983,3,2.136582865,3,2.136582865,0,NA,NA,NA,NA,NA
WeMu_MZB_7,1984,6,1.638973447,6,1.826728105,0,NA,NA,NA,NA,NA
WeMu_MZB_7,1985,2,1.359119604,2,1.359119604,0,NA,NA,NA,NA,NA
WeMu_MZB_7,1986,4,2.200439225,4,2.504261021,0,NA,NA,NA,NA,NA
WeMu_MZB_7,1987,2,2,2,2,0,NA,NA,NA,NA,NA
WeMu_MZB_7,1988,6,1.907471718,6,2.802665894,0,NA,NA,NA,NA,NA
WeMu_MZB_7,1989,8,1.838073653,8,2.447111846,0,NA,NA,NA,NA,NA
WeMu_MZB_7,1990,7,2.892309991,7,3.145825974,0,NA,NA,NA,NA,NA
WeMu_MZB_7,1991,9,3.271378761,9,3.271378761,0,NA,NA,NA,NA,NA
WeMu_MZB_7,1992,7,2.440302979,7,2.824222155,3.587,NA,NA,NA,NA,NA
WeMu_MZB_7,1993,9,3.49040418,9,3.290078058,2.026,NA,NA,NA,NA,NA
WeMu_MZB_7,1994,7,2.392850626,7,2.607383125,0.36,NA,NA,NA,NA,NA
WeMu_MZB_7,1995,5,2.080459086,5,1.574010736,2.254,NA,NA,NA,NA,NA
WeMu_MZB_7,1996,12,3.331453771,12,2.678973768,4.7367,NA,NA,NA,NA,NA
WeMu_MZB_7,1997,8,3.147336953,8,3.147336953,3.7452,NA,NA,NA,NA,NA
WeMu_MZB_7,2002,4,1.968374512,4,1.968374512,0.6842,NA,NA,NA,NA,NA
WeMu_MZB_7,2003,9,2.248334129,9,2.601214047,0.5994,NA,NA,NA,NA,NA
WeMu_MZB_7,2004,8,3.901655313,8,3.483004458,3.7426,NA,NA,NA,NA,NA
WeMu_MZB_7,2005,8,1.987136751,8,1.987136751,2.936,NA,NA,NA,NA,NA
WuKu_MZB_6,2007,16,1.228590322,16,1.228590322,4.4753,NA,NA,70,53.80332333,8.52766389
WuKu_MZB_6,2008,17,2.098385508,17,2.098385508,2.5242,NA,8,60,53.80332333,8.52766389
WuKu_MZB_6,2009,14,1.423337503,14,1.423337503,8.6283,NA,10.3,60,53.80332333,8.52766389
WuKu_MZB_6,2010,17,6.328063707,17,6.328063707,20.774,NA,11,70,53.80332333,8.52766389
WuKu_MZB_6,2011,12,5.897639511,12,5.897639511,8.9697,NA,10.6,70,53.80332333,8.52766389
WuKu_MZB_6,2012,17,5.560626818,17,5.560626818,12.357,NA,12,60,53.80332333,8.52766389
WuKu_MZB_6,2013,14,5.730894173,14,5.730894173,5.7746,NA,NA,70,53.80332333,8.52766389
WuKu_MZB_6,2014,13,2.141098607,13,2.141098607,8.1346,NA,21.8,60,53.80332333,8.52766389
WuKu_MZB_6,2015,15,3.827432217,15,3.827432217,10.0679,NA,15,60,53.80332333,8.52766389
WuKu_MZB_6,2016,21,4.697784192,21,4.697784192,0.92986,NA,22.1,60,53.80332333,8.52766389
WuKu_MZB_6,2017,15,3.368359969,15,3.368359969,13.6968,NA,18.3,80,53.80332333,8.52766389
WuKu_MZB_6,2018,12,4.831821962,12,4.831821962,107.057,NA,15.4,80,53.80332333,8.52766389
WuKu_MZB_6,2019,14,5.224785165,14,5.075853063,3.4829,NA,NA,NA,NA,NA
1,2005,20,2.399807308,20,2.420444857,23.322,28.11416667,11.71333333,98.6,52.89688,4.86301
1,2006,20,2.834893196,20,2.861083652,26.3574,28.7025,11.765,99.7,52.89688,4.86301
1,2007,18,2.587273472,18,2.590746604,21.8892,27.54703823,12.24416667,99.5,52.89688,4.86301
1,2008,19,2.045367996,19,2.049251245,13.6174,29.04916667,11.47083333,98.0,52.89688,4.86301
1,2009,19,2.705025392,19,2.740159082,16.7713,29.17363163,11.50166667,102.1,52.89688,4.86301
1,2010,20,3.705597077,20,3.740820727,21.1164,27.63682535,10.63166667,NA,52.89688,4.86301
1,2011,18,2.151831441,18,2.184619193,20.9146,28.7375,11.44,100.0,52.89688,4.86301
1,2012,19,1.878726985,19,1.885900181,21.9619,26.61833333,11.17833333,102.6,52.89688,4.86301
1,2013,17,3.269639244,17,3.342887562,17.7174,27.71,10.62583333,NA,52.89688,4.86301
1,2014,22,2.984972607,22,3.028412341,22.4959,28.37181818,12.72833333,NA,52.89688,4.86301
1,2015,22,3.119951711,22,3.151131156,21.6365,28.03454545,11.61166667,104.9,52.89688,4.86301
1,2016,25,3.046208755,25,3.106682092,23.5441,27.76083333,12.27583333,NA,52.89688,4.86301
1,2017,25,2.86811344,25,2.888634429,20.1944,28.99666667,11.81166667,97.1,52.89688,4.86301
1,2018,23,2.977726757,23,2.994037455,13.0979,29.34166667,11.88,96.4,52.89688,4.86301
1,2019,19,2.266927119,19,2.271692898,17.4246,29.2075,12.00166667,101.3,52.89688,4.86301
10,2005,37,3.5613347,37,4.235514064,333.1692,28.11416667,11.71333333,170.5,52.94121,4.90553
10,2006,30,5.023821174,30,5.548436838,361.2689,28.7025,11.765,166.2,52.94121,4.90553
10,2007,36,4.687002933,36,6.705996782,251.4971,27.54703823,12.24416667,167.8,52.94121,4.90553
10,2008,35,1.447071809,35,1.561856482,178.0703,29.04916667,11.47083333,171.5,52.94121,4.90553
10,2009,41,1.189781505,41,1.123889983,219.5515,29.17363163,11.50166667,169.2,52.94121,4.90553
10,2010,42,1.244921603,42,1.198754702,194.706,27.63682535,10.63166667,166.9,52.94121,4.90553
10,2011,43,1.159661545,43,1.202633442,220.3667,28.7375,11.44,NA,52.94121,4.90553
10,2012,46,1.16167688,46,1.175524072,224.0024,26.61833333,11.17833333,173.9,52.94121,4.90553
10,2013,41,2.246585166,41,2.305609671,220.6932,27.71,10.62583333,NA,52.94121,4.90553
10,2014,43,3.479961708,43,3.380975077,218.5056,28.37181818,12.72833333,NA,52.94121,4.90553
10,2015,46,1.41564118,46,1.490676085,380.9091,28.03454545,11.61166667,175.1,52.94121,4.90553
10,2016,46,4.685708454,46,4.465896065,421.8116,27.76083333,12.27583333,NA,52.94121,4.90553
10,2017,42,8.765288845,42,11.91168934,417.7082,28.99666667,11.81166667,173.0,52.94121,4.90553
10,2018,35,1.212116328,35,1.066874939,438.6668,29.34166667,11.88,171.0,52.94121,4.90553
10,2019,34,4.241392813,34,3.060083687,385.9847,29.2075,12.00166667,170.7,52.94121,4.90553
11,2005,25,1.728893627,25,1.38798524,224.6316,28.11416667,11.71333333,185.9,52.95618,4.91628
11,2006,25,1.142537856,25,1.150319124,166.5344,28.7025,11.765,177.2,52.95618,4.91628
11,2007,24,2.417993209,24,2.506371815,115.9239,27.54703823,12.24416667,184.0,52.95618,4.91628
11,2008,25,1.659767655,25,1.349420786,70.0744,29.04916667,11.47083333,186.2,52.95618,4.91628
11,2009,25,1.782449963,25,1.794364238,65.3828,29.17363163,11.50166667,184.5,52.95618,4.91628
11,2010,25,1.140563919,25,1.145067593,105.131,27.63682535,10.63166667,180.4,52.95618,4.91628
11,2011,28,1.731808206,28,1.75321406,85.9691,28.7375,11.44,NA,52.95618,4.91628
11,2012,26,1.353205404,26,1.359705509,111.4936,26.61833333,11.17833333,189.4,52.95618,4.91628
11,2013,27,1.358233445,27,1.365933141,145.2164,27.71,10.62583333,NA,52.95618,4.91628
11,2014,28,5.500990449,28,5.675001594,118.5057,28.37181818,12.72833333,NA,52.95618,4.91628
11,2015,24,6.459146215,24,6.555816375,177.2169,28.03454545,11.61166667,192.9,52.95618,4.91628
11,2016,26,7.39227261,26,7.488243772,131.3271,27.76083333,12.27583333,NA,52.95618,4.91628
11,2017,23,6.228645641,23,6.44461674,115.7349,28.99666667,11.81166667,189.1,52.95618,4.91628
11,2018,23,3.226165846,23,2.061969309,91.9642,29.34166667,11.88,186.4,52.95618,4.91628
11,2019,27,4.492480342,27,4.561590612,74.6715,29.2075,12.00166667,187.4,52.95618,4.91628
12,2005,28,5.66811103,28,5.908820481,135.7934,28.11416667,11.71333333,262.4,52.97590,4.90458
12,2006,28,1.208399509,28,1.235887146,345.425,28.7025,11.765,250.5,52.97590,4.90458
12,2007,24,8.424804999,24,8.572605166,144.5953,27.54703823,12.24416667,232.8,52.97590,4.90458
12,2008,35,2.429663303,35,2.87837322,137.0367,29.04916667,11.47083333,259.7,52.97590,4.90458
12,2009,31,2.740527437,31,2.901843039,198.9828,29.17363163,11.50166667,239.4,52.97590,4.90458
12,2010,36,8.750482493,36,9.831673927,200.4708,27.63682535,10.63166667,235.1,52.97590,4.90458
12,2011,34,1.235900916,34,1.257519834,114.4249,28.7375,11.44,NA,52.97590,4.90458
12,2012,29,6.678195965,29,8.331452316,20.8974,26.61833333,11.17833333,238.0,52.97590,4.90458
12,2013,30,1.541263043,30,1.337922212,34.9775,27.71,10.62583333,NA,52.97590,4.90458
12,2014,29,2.30741418,29,2.353737064,54.377,28.37181818,12.72833333,NA,52.97590,4.90458
12,2015,26,1.043532159,26,1.045099519,124.6168,28.03454545,11.61166667,229.7,52.97590,4.90458
12,2016,32,1.162376822,32,1.277119063,213.5977,27.76083333,12.27583333,NA,52.97590,4.90458
12,2017,40,2.692376427,40,1.799875287,313.5438,28.99666667,11.81166667,219.6,52.97590,4.90458
12,2018,29,7.15860577,29,7.645447134,387.7521,29.34166667,11.88,212.8,52.97590,4.90458
12,2019,34,8.500617733,34,9.027496291,311.8789,29.2075,12.00166667,207.4,52.97590,4.90458
2,2005,23,1.404513063,23,1.549831924,67.2833,28.11416667,11.71333333,119.4,52.90413,4.84298
2,2006,23,2.010564886,23,2.10533412,49.9016,28.7025,11.765,118.3,52.90413,4.84298
2,2007,22,2.910952225,22,2.925539058,45.5199,27.54703823,12.24416667,116.9,52.90413,4.84298
2,2008,20,2.55752647,20,2.563527404,35.7838,29.04916667,11.47083333,119.2,52.90413,4.84298
2,2009,20,2.46800814,20,2.503893041,27.6787,29.17363163,11.50166667,121.5,52.90413,4.84298
2,2010,21,1.354266297,21,1.356980432,36.6598,27.63682535,10.63166667,122.4,52.90413,4.84298
2,2011,22,1.408253572,22,1.418808014,38.0857,28.7375,11.44,NA,52.90413,4.84298
2,2012,21,1.369467069,21,1.372311344,35.8714,26.61833333,11.17833333,121.3,52.90413,4.84298
2,2013,26,3.203143905,26,3.244897839,21.7317,27.71,10.62583333,NA,52.90413,4.84298
2,2014,23,2.186827555,23,2.199936471,39.3297,28.37181818,12.72833333,NA,52.90413,4.84298
2,2015,22,2.054323452,22,2.062764836,46.8631,28.03454545,11.61166667,121.4,52.90413,4.84298
2,2016,26,2.359845713,26,2.395434094,50.6928,27.76083333,12.27583333,NA,52.90413,4.84298
2,2017,26,2.619983966,26,2.6341094,41.2239,28.99666667,11.81166667,111.9,52.90413,4.84298
2,2018,26,3.019889105,26,3.03320766,36.9004,29.34166667,11.88,113.5,52.90413,4.84298
2,2019,25,2.395152635,25,2.400304887,29.681,29.2075,12.00166667,115.2,52.90413,4.84298
3,2005,25,5.058009847,25,4.899296345,62.357,28.11416667,11.71333333,142.4,52.91113,4.84957
3,2006,23,3.237899039,23,3.382977742,73.8038,28.7025,11.765,138.4,52.91113,4.84957
3,2007,29,3.460835552,29,3.769674407,61.2123,27.54703823,12.24416667,140.8,52.91113,4.84957
3,2008,18,3.65120416,18,3.716843353,36.9217,29.04916667,11.47083333,143.0,52.91113,4.84957
3,2009,24,2.617610257,24,2.651450929,23.2521,29.17363163,11.50166667,143.1,52.91113,4.84957
3,2010,23,3.586172271,23,3.681000372,29.9126,27.63682535,10.63166667,142.7,52.91113,4.84957
3,2011,20,3.152677333,20,3.26138189,29.129,28.7375,11.44,NA,52.91113,4.84957
3,2012,26,2.088388472,26,2.110554694,40.7636,26.61833333,11.17833333,143.9,52.91113,4.84957
3,2013,24,2.910813991,24,2.969409884,41.0769,27.71,10.62583333,NA,52.91113,4.84957
3,2014,24,4.534950995,24,2.9453085,47.6461,28.37181818,12.72833333,NA,52.91113,4.84957
3,2015,26,4.949563006,26,5.105378274,56.9989,28.03454545,11.61166667,148.3,52.91113,4.84957
3,2016,30,3.261188021,30,3.313472723,63.601,27.76083333,12.27583333,NA,52.91113,4.84957
3,2017,25,5.086462713,25,5.243751406,52.2506,28.99666667,11.81166667,140.2,52.91113,4.84957
3,2018,25,5.461287247,25,5.686265666,26.6748,29.34166667,11.88,137.8,52.91113,4.84957
3,2019,25,2.886096966,25,2.907439631,27.7476,29.2075,12.00166667,141.1,52.91113,4.84957
4,2005,38,6.748180166,38,5.195340772,114.8246,28.11416667,11.71333333,157.1,52.94276,4.80909
4,2006,35,5.685992569,35,5.955301293,136.2781,28.7025,11.765,152.2,52.94276,4.80909
4,2007,40,9.360997184,40,9.855069449,127.1829,27.54703823,12.24416667,155.2,52.94276,4.80909
4,2008,43,2.410072073,43,1.655112694,148.5707,29.04916667,11.47083333,156.7,52.94276,4.80909
4,2009,37,2.171165899,37,2.175792456,175.9834,29.17363163,11.50166667,156.6,52.94276,4.80909
4,2010,36,1.881790199,36,1.915207234,116.324,27.63682535,10.63166667,157.9,52.94276,4.80909
4,2011,45,1.662552552,45,1.688439192,138.2563,28.7375,11.44,NA,52.94276,4.80909
4,2012,38,2.616027599,38,2.715719362,114.9865,26.61833333,11.17833333,156.4,52.94276,4.80909
4,2013,38,8.917915041,38,8.141145025,168.3818,27.71,10.62583333,NA,52.94276,4.80909
4,2014,42,6.473419957,42,6.696114969,185.4475,28.37181818,12.72833333,NA,52.94276,4.80909
4,2015,45,4.431858691,45,4.576498856,130.6759,28.03454545,11.61166667,156.9,52.94276,4.80909
4,2016,46,8.897576642,46,9.353954905,135.359,27.76083333,12.27583333,NA,52.94276,4.80909
4,2017,48,6.520222935,48,6.609138807,136.5341,28.99666667,11.81166667,155.8,52.94276,4.80909
4,2018,42,2.847145867,42,1.89948222,106.7566,29.34166667,11.88,159.4,52.94276,4.80909
4,2019,34,4.288064438,34,2.72281902,90.7503,29.2075,12.00166667,156.7,52.94276,4.80909
5,2005,42,5.068885928,42,5.862130472,190.9111,28.11416667,11.71333333,141.0,52.93543,4.82406
5,2006,37,4.658279891,37,5.410738852,173.6124,28.7025,11.765,138.3,52.93543,4.82406
5,2007,43,9.031348599,43,9.354308296,165.1461,27.54703823,12.24416667,138.0,52.93543,4.82406
5,2008,47,5.605402279,47,5.44159077,123.2102,29.04916667,11.47083333,139.2,52.93543,4.82406
5,2009,40,2.237496909,40,2.333234126,117.2484,29.17363163,11.50166667,144.5,52.93543,4.82406
5,2010,42,2.734709173,42,3.207064748,129.7858,27.63682535,10.63166667,144.4,52.93543,4.82406
5,2011,47,1.710170995,47,1.967216033,138.1538,28.7375,11.44,NA,52.93543,4.82406
5,2012,47,2.094218985,47,2.315335667,110.2813,26.61833333,11.17833333,140.9,52.93543,4.82406
5,2013,45,7.001550546,45,7.055768041,138.7368,27.71,10.62583333,NA,52.93543,4.82406
5,2014,46,3.638536062,46,4.214737439,147.7126,28.37181818,12.72833333,NA,52.93543,4.82406
5,2015,44,6.185661742,44,6.926947642,160.6403,28.03454545,11.61166667,143.2,52.93543,4.82406
5,2016,39,3.830875224,39,4.929769139,130.3141,27.76083333,12.27583333,NA,52.93543,4.82406
5,2017,48,5.445268799,48,5.106431286,134.6042,28.99666667,11.81166667,138.8,52.93543,4.82406
5,2018,44,6.735499925,44,7.431031045,155.9995,29.34166667,11.88,136.6,52.93543,4.82406
5,2019,44,4.877904104,44,4.460273801,128.2329,29.2075,12.00166667,139.1,52.93543,4.82406
6,2005,29,3.239848454,29,3.603750302,95.2028,28.11416667,11.71333333,148.1,52.92177,4.85034
6,2006,19,2.702472697,19,2.763999337,71.9743,28.7025,11.765,146.1,52.92177,4.85034
6,2007,22,3.547126279,22,3.764104477,45.0484,27.54703823,12.24416667,146.4,52.92177,4.85034
6,2008,26,2.696474696,26,1.979543707,79.3119,29.04916667,11.47083333,149.8,52.92177,4.85034
6,2009,25,1.581687259,25,1.603272462,67.1944,29.17363163,11.50166667,151.6,52.92177,4.85034
6,2010,21,1.107127011,21,1.110331557,95.1127,27.63682535,10.63166667,150.6,52.92177,4.85034
6,2011,27,1.131805838,27,1.153497352,78.619,28.7375,11.44,NA,52.92177,4.85034
6,2012,25,1.598749082,25,1.609936279,93.1712,26.61833333,11.17833333,153.2,52.92177,4.85034
6,2013,24,4.029499194,24,4.185456638,122.938,27.71,10.62583333,NA,52.92177,4.85034
6,2014,25,2.98228397,25,3.169585226,113.4723,28.37181818,12.72833333,NA,52.92177,4.85034
6,2015,27,7.222472472,27,7.549947343,161.3787,28.03454545,11.61166667,153.7,52.92177,4.85034
6,2016,28,7.135505193,28,7.706425395,113.625,27.76083333,12.27583333,NA,52.92177,4.85034
6,2017,26,6.000580927,26,6.141258326,110.2045,28.99666667,11.81166667,154.7,52.92177,4.85034
6,2018,19,1.098759828,19,1.050349184,85.5064,29.34166667,11.88,149.8,52.92177,4.85034
6,2019,25,4.378526873,25,4.419892543,61.9914,29.2075,12.00166667,150.9,52.92177,4.85034
7,2005,21,3.686528687,21,3.96071789,137.7069,28.11416667,11.71333333,152.6,52.92621,4.89223
7,2006,18,3.287057302,18,3.33556675,161.3748,28.7025,11.765,147.8,52.92621,4.89223
7,2007,18,1.864604691,18,1.874214706,124.576,27.54703823,12.24416667,150.5,52.92621,4.89223
7,2008,22,3.027852405,22,3.417800089,92.2694,29.04916667,11.47083333,153.9,52.92621,4.89223
7,2009,24,1.94145941,24,1.948369566,81.506,29.17363163,11.50166667,149.7,52.92621,4.89223
7,2010,29,1.135484175,29,1.141735616,76.4318,27.63682535,10.63166667,152.2,52.92621,4.89223
7,2011,27,1.213002922,27,1.216936417,49.7349,28.7375,11.44,NA,52.92621,4.89223
7,2012,27,1.761876247,27,1.878709256,48.2578,26.61833333,11.17833333,158.5,52.92621,4.89223
7,2013,23,1.461527031,23,1.483929045,66.4822,27.71,10.62583333,NA,52.92621,4.89223
7,2014,26,7.769427188,26,8.269541827,84.5299,28.37181818,12.72833333,NA,52.92621,4.89223
7,2015,26,4.254611033,26,4.349648985,115.2568,28.03454545,11.61166667,154.0,52.92621,4.89223
7,2016,27,6.097803014,27,6.26330885,85.945,27.76083333,12.27583333,NA,52.92621,4.89223
7,2017,25,6.296409744,25,6.352957357,90.3755,28.99666667,11.81166667,160.3,52.92621,4.89223
7,2018,25,2.58181856,25,1.803144761,81.7545,29.34166667,11.88,156.1,52.92621,4.89223
7,2019,24,4.791592542,24,4.898718046,63.7195,29.2075,12.00166667,159.2,52.92621,4.89223
8,2005,24,5.351405163,24,5.351405163,55.3424,28.11416667,11.71333333,179.7,52.95000,4.83982
8,2006,27,5.439030912,27,5.439030912,72.6449,28.7025,11.765,175.7,52.95000,4.83982
8,2007,21,2.881026321,21,2.881026321,43.2752,27.54703823,12.24416667,181.1,52.95000,4.83982
8,2008,31,2.632869005,31,2.632869005,34.0274,29.04916667,11.47083333,180.5,52.95000,4.83982
8,2009,27,3.793243697,27,3.793243697,25.8065,29.17363163,11.50166667,181.0,52.95000,4.83982
8,2010,21,1.18703414,21,1.18703414,30.2546,27.63682535,10.63166667,182.7,52.95000,4.83982
8,2011,26,1.133116708,26,1.133116708,41.2297,28.7375,11.44,NA,52.95000,4.83982
8,2012,21,1.358956425,21,1.358956425,35.7006,26.61833333,11.17833333,183.1,52.95000,4.83982
8,2013,24,2.320857036,24,2.320857036,33.0954,27.71,10.62583333,NA,52.95000,4.83982
8,2014,23,1.847013514,23,1.847013514,24.5199,28.37181818,12.72833333,NA,52.95000,4.83982
8,2015,24,2.41265441,24,2.41265441,29.3206,28.03454545,11.61166667,187.0,52.95000,4.83982
8,2016,31,4.575315751,31,4.575315751,40.9375,27.76083333,12.27583333,NA,52.95000,4.83982
8,2017,31,6.532864383,31,6.532864383,37.1644,28.99666667,11.81166667,183.4,52.95000,4.83982
8,2018,22,5.688931395,22,5.688931395,30.8552,29.34166667,11.88,184.4,52.95000,4.83982
8,2019,23,1.116654086,23,1.116654086,32.9589,29.2075,12.00166667,181.7,52.95000,4.83982
9,2005,27,3.651426272,27,4.225701003,214.4747,28.11416667,11.71333333,175.3,52.94221,4.90129
9,2006,31,2.773557664,31,2.827612892,335.537,28.7025,11.765,168.3,52.94221,4.90129
9,2007,36,4.420214547,36,4.878217616,226.6155,27.54703823,12.24416667,173.8,52.94221,4.90129
9,2008,34,1.329499415,34,1.16302158,191.0741,29.04916667,11.47083333,177.9,52.94221,4.90129
9,2009,37,1.173412756,37,1.173942092,237.7064,29.17363163,11.50166667,176.3,52.94221,4.90129
9,2010,37,1.137942179,37,1.141980351,202.2093,27.63682535,10.63166667,170.1,52.94221,4.90129
9,2011,37,1.40264774,37,1.410343267,175.9654,28.7375,11.44,NA,52.94221,4.90129
9,2012,37,1.545896139,37,1.55794558,159.5619,26.61833333,11.17833333,179.3,52.94221,4.90129
9,2013,33,2.951156141,33,2.968577424,112.1353,27.71,10.62583333,NA,52.94221,4.90129
9,2014,38,3.991990082,38,4.420087121,135.3558,28.37181818,12.72833333,NA,52.94221,4.90129
9,2015,42,5.747375687,42,5.841117281,163.9116,28.03454545,11.61166667,183.4,52.94221,4.90129
9,2016,34,7.607957781,34,7.907092392,151.2656,27.76083333,12.27583333,NA,52.94221,4.90129
9,2017,34,11.18291078,34,11.47166188,154.0268,28.99666667,11.81166667,180.9,52.94221,4.90129
9,2018,31,5.398195656,31,3.395579203,106.664,29.34166667,11.88,177.8,52.94221,4.90129
9,2019,31,6.232224486,31,6.70787108,103.63,29.2075,12.00166667,179.8,52.94221,4.90129
A,2005,26,1.433598671,26,1.453225532,81.2928,28.11416667,11.71333333,137.2,52.91730,4.81335
A,2006,26,2.727479245,26,2.869450778,100.6137,28.7025,11.765,136.7,52.91730,4.81335
A,2007,27,3.753581199,27,3.780890569,94.4218,27.54703823,12.24416667,138.9,52.91730,4.81335
A,2008,26,2.394611357,26,2.397714989,77.0389,29.04916667,11.47083333,137.4,52.91730,4.81335
A,2009,27,1.875338449,27,1.890622147,50.446,29.17363163,11.50166667,135.0,52.91730,4.81335
A,2010,24,1.300844713,24,1.309188407,38.2893,27.63682535,10.63166667,129.3,52.91730,4.81335
A,2011,20,1.514372583,20,1.528050544,49.5952,28.7375,11.44,NA,52.91730,4.81335
A,2012,26,1.131155589,26,1.135899055,37.9001,26.61833333,11.17833333,134.0,52.91730,4.81335
A,2013,26,1.663310693,26,1.703644282,61.2134,27.71,10.62583333,NA,52.91730,4.81335
A,2014,22,1.049838254,22,1.059423043,81.3727,28.37181818,12.72833333,NA,52.91730,4.81335
A,2015,30,3.541775688,30,3.827665583,62.1709,28.03454545,11.61166667,139.7,52.91730,4.81335
A,2016,36,3.282509151,36,3.460869907,95.5243,27.76083333,12.27583333,NA,52.91730,4.81335
A,2017,33,1.366261534,33,1.400462989,86.4557,28.99666667,11.81166667,130.2,52.91730,4.81335
A,2018,28,1.407085832,28,1.423746291,60.9473,29.34166667,11.88,129.8,52.91730,4.81335
A,2019,29,2.774291498,29,2.816972771,72.5752,29.2075,12.00166667,136.6,52.91730,4.81335
B,2005,20,5.633786572,20,5.633786572,47.681,28.11416667,11.71333333,167.1,52.92173,4.81408
B,2006,24,3.982938459,24,3.982938459,34.8703,28.7025,11.765,165.2,52.92173,4.81408
B,2007,22,4.884846222,22,4.884846222,56.926,27.54703823,12.24416667,166.6,52.92173,4.81408
B,2008,22,2.105495665,22,2.105495665,48.5736,29.04916667,11.47083333,167.4,52.92173,4.81408
B,2009,25,1.214550089,25,1.214550089,38.1575,29.17363163,11.50166667,168.1,52.92173,4.81408
B,2010,23,1.108125704,23,1.108125704,55.7163,27.63682535,10.63166667,162.2,52.92173,4.81408
B,2011,22,1.292628155,22,1.292628155,45.0255,28.7375,11.44,NA,52.92173,4.81408
B,2012,26,4.669103498,26,4.669103498,31.0108,26.61833333,11.17833333,173.7,52.92173,4.81408
B,2013,26,2.453859749,26,2.453859749,61.1108,27.71,10.62583333,NA,52.92173,4.81408
B,2014,28,5.873565695,28,5.873565695,40.1448,28.37181818,12.72833333,NA,52.92173,4.81408
B,2015,27,4.324814245,27,4.324814245,37.2035,28.03454545,11.61166667,170.3,52.92173,4.81408
B,2016,29,2.618054924,29,2.618054924,56.1661,27.76083333,12.27583333,NA,52.92173,4.81408
B,2017,25,2.507903314,25,2.507903314,67.3162,28.99666667,11.81166667,163.9,52.92173,4.81408
B,2018,22,1.207208468,22,1.207208468,52.433,29.34166667,11.88,165.7,52.92173,4.81408
B,2019,24,3.235817783,24,3.235817783,45.1851,29.2075,12.00166667,167.7,52.92173,4.81408
M,2005,24,5.694944598,24,5.694944598,72.1552,28.11416667,11.71333333,266.6,52.98263,4.90768
M,2006,20,4.655188791,20,4.655188791,81.1054,28.7025,11.765,248.6,52.98263,4.90768
M,2007,25,3.996736681,25,3.996736681,34.2884,27.54703823,12.24416667,237.4,52.98263,4.90768
M,2008,28,3.923294283,28,3.923294283,68.2578,29.04916667,11.47083333,246.6,52.98263,4.90768
M,2009,29,1.190207214,29,1.190207214,66.0157,29.17363163,11.50166667,246.9,52.98263,4.90768
M,2010,26,1.170371009,26,1.170371009,82.8227,27.63682535,10.63166667,253.7,52.98263,4.90768
M,2011,27,1.395176915,27,1.395176915,73.2528,28.7375,11.44,NA,52.98263,4.90768
M,2012,26,1.172575732,26,1.172575732,70.2176,26.61833333,11.17833333,256.1,52.98263,4.90768
M,2013,26,1.412010832,26,1.412010832,39.6051,27.71,10.62583333,NA,52.98263,4.90768
M,2014,26,1.452357779,26,1.452357779,34.2613,28.37181818,12.72833333,NA,52.98263,4.90768
M,2015,26,5.533236073,26,5.533236073,44.4722,28.03454545,11.61166667,269.7,52.98263,4.90768
M,2016,29,6.389467448,29,6.389467448,98.4104,27.76083333,12.27583333,NA,52.98263,4.90768
M,2017,26,7.046309097,26,7.046309097,49.1439,28.99666667,11.81166667,238.6,52.98263,4.90768
M,2018,24,1.130081444,24,1.130081444,58.6173,29.34166667,11.88,242.1,52.98263,4.90768
M,2019,24,6.755055742,24,6.755055742,69.4757,29.2075,12.00166667,236.7,52.98263,4.90768
